id;numvoie;typevoie;libvoie;cp;commune
DP07200721Z0003-0;445;ROUTE;DE LA RAINIERE;72370;ARDENAY SUR MERIZE
DP07200721Z0003-2;;;LE CHEMIN DE LA RAINIERE;;ARDENAY SUR MERIZE
DP07200721Z0004-0;;;16 clos DU LEVANT;72370;ARDENAY SUR MERIZE
DP07200721Z0004-2;16;;CLOS DU LEVANT;72370;ARDENAY SUR MERIZE
DP07201121Z0005-0;;;Fontaine;72130;Assé le Boisne
DP07201121Z0005-2;;;FONTAINE;72130;ASSE LE BOISNE
DP07201121Z0006-0;;;6 rue DE LA MADELEINE;72130;ASSE LE BOISNE
DP07201121Z0006-2;6;;RUE DE LA MADELEINE;72130;ASSE LE BOISNE
DP07201121Z0007-0;11;RUE;DE LA TOUCHE;72130;ASSE LE BOISNE
DP07201121Z0007-2;11;;RUE DE LA TOUCHE;72130;ASSE LE BOISNE
DP07202321Z0026-0;29;RUE;PAUL ILIAS;72290;BALLON-SAINT MARS
DP07202321Z0026-2;29;;RUE PAUL ILIAS;72290;BALLON - SAINT MARS
DP07202321Z0033-0;28;RUE;DU GENERAL LECLERC;72290;BALLON- SAINT MARS
DP07202321Z0033-2;28;;RUE DU GENERAL LECLERC;72290;BALLON - SAINT MARS
DP07202321Z0034-0;;LIEU-;LES MARAIS;72290;BALLON-SAINT MARS
DP07202321Z0034-1;1;PLACE;de la République;72290;BALLON - SAINT MARS
DP07202321Z0034-2;0002;;RUE DU GENERAL LECLERC BAL;72290;BALLON - SAINT MARS
DP07202321Z0037-0;;LIEU-;LA GATELLERIE;72290;BALLON-SAINT MARS
DP07202321Z0037-2;;;LA GATELLERIE;72290;BALLON - SAINT MARS
DP07202321Z0038-0;24;RUE;PRINCIPALE;72290;BALLON-SAINT MARS
DP07202321Z0038-2;24;;RUE PRINCIPALE;72290;BALLON - SAINT MARS
DP07202321Z0039-0;4;;RUE DE L'EUROPE;72290;BALLON - SAINT MARS
DP07202321Z0039-2;4;;RUE DE L EUROPE;72290;BALLON - SAINT MARS
DP07202321Z0040-0;50;RUE;SAINT LAURENT;72290;BALLON- SAINT MARS
DP07202321Z0040-2;3;;RUE PRINCIPALE;72290;BALLON - SAINT MARS
DP07202321Z0041-0;33;RUE;DE LA BATE;72290;BALLON-SAINT MARS
DP07202321Z0041-2;33;;RUE DE LA BATE;72290;BALLON - SAINT MARS
DP07202421Z0859-2;7;;IMPASSE DES POMMIERS;72650;LA BAZOGE
DP07202421Z0860-0;10;;RUE DE LA GARE;72170;VIVOIN
DP07202421Z0860-2;2;;RUE DE MARTFELD;72650;LA BAZOGE
DP07202421Z0861-0;7;;ROUTE DE L'AUNAY TRUCHET;72650;LA BAZOGE
DP07202421Z0861-2;7;;ROUTE DE L AUNAY TRUCHET;72650;LA BAZOGE
DP07202421Z0862-0;21;;RUE DE LA GARE;72650;LA BAZOGE
DP07202421Z0862-2;21;;RUE DE LA GARE;72650;LA BAZOGE
DP07202421Z0863-0;9;;RUE DU CHENE;72650;LA BAZOGE
DP07202421Z0863-2;9;;RUE DU CHENE;72650;LA BAZOGE
DP07202421Z0864-0;107;;AVENUE NATIONALE;72650;LA BAZOGE
DP07202421Z0864-2;107;;AVENUE NATIONALE;72650;LA BAZOGE
DP07202421Z0865-0;5;;CHEMIN DE BEAUMANOIR;72650;LA BAZOGE
DP07202421Z0865-2;5;;CHEMIN DE BEAUMANOIR;72650;LA BAZOGE
DP07202421Z0866-0;60;;AVENUE NATIONALE;72650;LA BAZOGE
DP07202421Z0866-2;60;;AVENUE NATIONALE;72650;LA BAZOGE
DP07202421Z0867-2;6;;RUE DE MARTFELD;72650;LA BAZOGE
DP07202421Z0868-0;8;;ROUTE DE LA MAUGATELIERE;72650;LA BAZOGE
DP07202421Z0868-2;8;;ROUTE DE LA MAUGATELIERE;72650;LA BAZOGE
DP07202421Z0869-0;10;;AVENUE DES LILAS;72650;LA BAZOGE
DP07202421Z0869-2;10;;RUE DES LILAS;72650;LA BAZOGE
DP07202421Z0870-0;;;ZA de la Petite montagne;72330;CERANS FOULLETOURTE
DP07202421Z0870-2;;;LES JECULIERES;72650;LA BAZOGE
DP07202421Z0871-0;9;;RUE DE MALABRY;72650;LA BAZOGE
DP07202421Z0871-2;9;;RUE DE MALABRY;72650;LA BAZOGE
DP07202921Z0040-0;2;RUE;de l'Ouche de Bert;72170;Beaumont-sur-Sarthe
DP07202921Z0040-1;2;RUE;DE L'OUCHE DE BERT;72170;BEAUMONY-SUR-SARTHE
DP07202921Z0040-2;2;;RUE L OUCHE DE BERT;72170;BEAUMONT SUR SARTHE
DP07202921Z0041-0;57;RUE;de la Gare;72170;Beaumont-sur-Sarthe
DP07202921Z0041-2;84;;RUE DE LA GARE;72170;BEAUMONT SUR SARTHE
DP07203421Z0002-0;6;;la Miottière;72610;BERUS
DP07203421Z0002-2;6;;la Miottière;72610;BERUS
DP07203421Z0003-2;5;;la Palestine;72610;BERUS
DP07204221Z0018-0;28;;COURS ALBERT PREMIER;75008;PARIS
DP07204221Z0018-2;19;;RUE PABLO PICASSO;72440;BOULOIRE
DP07204221Z0028-2;6;;CHEMIN DE LA BOULANDERIE;72440;BOULOIRE
DP07204221Z0029-0;;;1 cours DU LOUVRE;72440;BOULOIRE
DP07204221Z0029-2;1;;COURS DU LOUVRE;72440;BOULOIRE
DP07204221Z0030-0;;PLACE;DU PETIT MARCHÉ;72440;BOULOIRE
DP07204221Z0030-2;;;RUE NATIONALE;72440;BOULOIRE
DP07204221Z0031-2;1;;RUE JEAN ROSTAND;72440;BOULOIRE
DP07204221Z0032-2;3;;RUE LOUIS DAGUERRE;72440;BOULOIRE
DP07204221Z0033-0;83;RUE;NATIONALE;72440;BOULOIRE
DP07204321Z0020-0;44-46;;rue des Plantagenêt;72610;BOURG LE ROI
DP07204321Z0020-2;42;;RUE DES PLANTAGENETS;72610;BOURG LE ROI
DP07204321Z0021-0;13;;RUE DE LA TOUR;72610;BOURG LE ROI
DP07204321Z0021-2;13;;RUE DE LA TOUR;72610;BOURG LE ROI
DP07204321Z0022-0;8;;RUE DE LA MOIRE;72610;BOURG LE ROI
DP07204321Z0022-2;8;;RUE DE LA MOIRE;72610;BOURG LE ROI
DP07204621Z0018-0;21;;RUE DU STADE;72370;LE BREIL SUR MERIZE
DP07204621Z0018-2;21;;RUE DU STADE;72370;LE BREIL-SUR-MÉRIZE
DP07204621Z0019-0;1;;rue des Ormeaux;72370;LE BREIL SUR MERIZE
DP07204621Z0019-2;1;;RUE DES ORMEAUX;72370;LE BREIL-SUR-MÉRIZE
DP07204621Z0020-0;38;;RUE DE LA FABRIQUE;72370;LE BREIL SUR MERIZE
DP07204621Z0020-2;38;;RUE DE LA FABRIQUE;72370;LE BREIL-SUR-MÉRIZE
DP07204721Z0008-0;;;6 RUE DES PERVENCHES;72250;BRETTE LES PINS
DP07204721Z0008-2;6;;RUE DES PERVENCHES;72250;BRETTE LES PINS
DP07204721Z0033-0;;;48 rue DES PINS;72250;BRETTE LES PINS
DP07204721Z0033-2;48;;RUE DES PINS;72250;BRETTE LES PINS
DP07204721Z0040-0;11;;RUE DES BLEUETS;72250;BRETTE LES PINS
DP07204721Z0040-2;11;;RUE DES BLEUETS;72250;BRETTE LES PINS
DP07204721Z0041-0;;;11 rue DES PINS;72250;BRETTE LES PINS
DP07204721Z0041-2;11;;RUE DES PINS;72250;BRETTE LES PINS
DP07204721Z0042-0;41;;RUE DES CEPES;72250;BRETTE LES PINS
DP07204721Z0042-2;41;;RUE DES CEPES;72250;BRETTE LES PINS
DP07204721Z0043-0;;LIEU-;Loirecopark 1;72500;VAAS
DP07204721Z0043-2;;;LE CHAMP TAILLANT;72250;BRETTE LES PINS
DP07204721Z0044-0;42;RUE;des Pins;72250;BRETTE LES PINS
DP07204721Z0044-2;42;;RUE DES PINS;72250;BRETTE LES PINS
DP07204721Z0045-0;46;RUE;DES BICHES;72250;BRETTE LES PINS
DP07204721Z0045-2;46;RUE;DES BICHES;72250;BRETTE LES PINS
DP07204721Z0046-0;;;APPT 225, 4 rue DE MOSCOU;72190;COULAINES
DP07204721Z0046-2;;LIEU-;LA LANDE DES CACHOTS;72250;BRETTE LES PINS
DP07204721Z0047-0;;;24 RUE DES ECUREUILS;72250;BRETTE LES PINS
DP07204721Z0047-2;24;;RUE DES ECUREUILS;72250;BRETTE LES PINS
DP07204721Z0048-0;8;;RUE DES FAISANS;72250;BRETTE LES PINS
DP07204721Z0048-2;8;;RUE DES FAISANS;72250;BRETTE LES PINS
DP07204721Z0049-0;42;RUE;des Pins;72250;BRETTE LES PINS
DP07204721Z0049-2;42;;RUE DES PINS;72250;BRETTE LES PINS
DP07204721Z0050-0;;;28 rue DES BLEUETS;72250;BRETTE LES PINS
DP07204721Z0050-2;28;;RUE DES BLEUETS;72250;BRETTE LES PINS
DP07204721Z0051-0;;;11 rue DES PINS;72250;BRETTE LES PINS
DP07204721Z0051-2;11;;RUE DES PINS;72250;BRETTE LES PINS
DP07204721Z0052-0;26;;RUE DES GENETS D'OR;72250;BRETTE LES PINS
DP07204721Z0052-2;26;;RUE DES GENETS D OR;72250;BRETTE LES PINS
DP07205321Z0021-2;1;;CITE LA SAPINIERE DU COURT;72250;CHALLES
DP07205321Z0022-0;13;;lotissement Le Pré du Cro;72250;CHALLES
DP07205321Z0022-2;13;;Lotissement Le Pré du Cro;72250;CHALLES
DP07205321Z0023-0;;;LOIREECOPARK 1;72500;VAAS
DP07205321Z0024-0;;;LE GUETTE LOUP;72250;CHALLES
DP07205321Z0024-2;;;LE GUETTE LOUP;72250;CHALLES
DP07205820Z0026-0;16;PLACE;DU PONT DE L'ALMA;72560;CHANGE
DP07205820Z0026-2;16;PLACE;DU PONT DE L'ALMA;72560;CHANGE
DP07205821Z0087-0;;;118 AV MAL DE LATTRE DE TA;94120;FONTENAY-SOUS-BOIS
DP07205821Z0087-2;;;LE CHAMP DU JARRIER;72560;CHANGE
DP07205821Z0111-0;23;ROUTE;DU TERTRE;72560;CHANGE
DP07205821Z0111-2;23;ROUTE;DU TERTRE;72560;CHANGE
DP07205821Z0117-0;275;IMPAS;DE L'ABBAYE;72560;CHANGE
DP07205821Z0117-1;275;IMPAS;DE L'ABBAYE;72560;CHANGE
DP07205821Z0117-2;275;IMPAS;DE L'ABBAYE;72560;CHANGE
DP07205821Z0119-0;21;RUE;SAINT JACQUES;72560;CHANGE
DP07205821Z0119-2;21;RUE;SAINT JACQUES;72560;CHANGE
DP07205821Z0120-0;9;ALLEE;DES JASNIERES;72560;CHANGE
DP07205821Z0120-2;9;ALLEE;DES JASNIERES;72560;CHANGE
DP07205821Z0121-0;150;CHEMI;DE LA LANDE;72560;CHANGE
DP07205821Z0121-2;150;CHEMI;DE LA LANDE;72560;CHANGE
DP07205821Z0122-0;40;ROUTE;DE PARIGNE L'EVEQUE;72560;CHANGE
DP07205821Z0122-2;0040;ROUTE;ROUTE DE PARIGNE L'EVEQUE;72560;CHANGE
DP07205821Z0123-0;1;IMPAS;DE LA CALIFORNIE;72560;CHANGE
DP07205821Z0123-1;1;IMPAS;DE LA CALIFORNIE;72560;CHANGE
DP07205821Z0123-2;1;IMPAS;DE LA CALIFORNIE;72560;CHANGE
DP07205821Z0124-0;32;ROUTE;DE LA CALIFORNIE;72560;CHANGE
DP07205821Z0124-1;32;ROUTE;DE LA CALIFORNIE;72560;CHANGE
DP07205821Z0124-2;32;ROUTE;DE LA CALIFORNIE;72560;CHANGE
DP07205821Z0125-0;;;24 route DE LA CALIFORNIE;72560;CHANGE
DP07205821Z0125-2;24;;ROUTE DE LA CALIFORNIE;72560;CHANGE
DP07205821Z0126-0;;;LA BUTTE DU GRAND BOULAY;72560;CHANGE
DP07205821Z0126-2;;;LA BUTTE DU GRAND BOULAY;72560;CHANGE
DP07205821Z0127-0;16;RUE;DE LA VILLE L'EVEQUE;75008;PARIS
DP07205821Z0127-2;;;LE CHATEAU D EAU;72560;CHANGE
DP07205821Z0128-0;5;PLACE;DES COMPTES DU MAINE;72000;LE MANS
DP07205821Z0128-2;17;;RUE DES PRIMEVERES;72560;CHANGE
DP07205821Z0129-0;205;ROUTE;DU CARREFOUR;72560;CHANGE
DP07205821Z0129-2;205;ROUTE;DU CARREFOUR;72560;CHANGE
DP07205821Z0130-0;;;LES PETITES FRAIRIES;72560;CHANGE
DP07205821Z0130-2;;;LES PETITES FRAIRIES;72560;CHANGE
DP07205821Z0131-0;2;RUE;MONTAIGNE;72560;CHANGE
DP07205821Z0131-2;2;RUE;MONTAIGNE;72560;CHANGE
DP07205821Z0132-0;11;ROUTE;DES CHARMES;72560;CHANGE
DP07205821Z0132-2;11;ROUTE;DES CHARMES;72560;CHANGE
DP07205821Z0133-0;;;7 route DE FONTENAY;72560;CHANGE
DP07205821Z0133-2;7;;ROUTE DE FONTENAY;72560;CHANGE
DP07205821Z0134-0;;;4 chemin DES GALLETS;72560;CHANGE
DP07205821Z0134-2;4;;CHEMIN DES GALLETS;72560;CHANGE
DP07205821Z0135-0;41;ROUTE;DE PARIGNE L'EVEQUE;72560;CHANGE
DP07205821Z0135-2;41 B;ROUTE;DE PARIGNE L'EVEQUE;72560;CHANGE
DP07205821Z0136-0;51;ROUTE;DE L'EPAU;72560;CHANGE
DP07205821Z0136-2;51;ROUTE;DE L'EPAU;72560;CHANGE
DP07205821Z0137-0;2;ROUTE;DES COURPINS;72560;CHANGE
DP07205821Z0137-2;2;ROUTE;DES COURPINS;72560;CHANGE
DP07205821Z0138-0;977 T;ROUTE;DES CHARMES;72560;CHANGE
DP07205821Z0138-2;977 T;ROUTE;DES CHARMES;72560;CHANGE
DP07208921Z0025-0;14;RUE;DES VANNEAUX;72240;CONLIE
DP07208921Z0025-1;14;RUE;DES VANNEAUX;72214;CONLIE
DP07208921Z0025-2;15;RUE;DE LA FABRIQUE;72240;CONLIE
DP07208921Z0027-0;12;;VIEUX CHEMIN DU MANS;72240;CONLIE
DP07208921Z0027-1;12;;VIEUX CHEMIN DU MANS;72240;CONLIE
DP07208921Z0027-2;12;;VIEUX CHEMIN DU MANS;72240;CONLIE
DP07208921Z0028-0;173;ROUTE;DE LA CHAPELLE SAINT FRAY;72650;LA MILESSE
DP07208921Z0028-1;173;ROUTE;DE LA CHAPELLE SAINT FRAY;72650;LA MILESSE
DP07208921Z0028-2;3;;RUE DE TENNIE;72240;CONLIE
DP07208921Z0029-0;1;ROUTE;DE VINAY;72240;CONLIE
DP07208921Z0029-1;1;ROUTE;DE VINAY;72240;CONLIE
DP07208921Z0029-2;;;LE CLOS;72240;CONLIE
DP07208921Z0030-0;33;RUE;DE NEUVILLALAIS;72240;CONLIE
DP07208921Z0030-1;33;RUE;DE NEUVILLALAIS;72240;CONLIE
DP07208921Z0030-2;33;;RUE DE NEUVILLALAIS;72240;CONLIE
DP07208921Z0031-0;14;ROUTE;DE LA CHAPELLE;72240;CONLIE
DP07208921Z0031-1;14;ROUTE;DE LA CHAPELLE;72240;CONLIE
DP07208921Z0031-2;;;VERNIETTE;72240;CONLIE
DP07209021Z0010-0;01;;LES HETRES;72310;BESSE-SUR-BRAYE
DP07209021Z0010-2;35;;RUE DES VIEUX PONTS;72160;CONNERRE
DP07209021Z0011-0;01;;LES HETRES;72310;BESSE-SUR-BRAYE
DP07209021Z0011-2;35;;RUE DES VIEUX PONTS;72160;CONNERRE
DP07209021Z0018-0;;;18 rue CHANZY;72160;CONNERRE
DP07209021Z0018-2;18;;RUE CHANZY;72160;CONNERRE
DP07209021Z0020-0;24;RUE;LEDRU ROLLIN;72160;CONNERRE
DP07209021Z0020-2;24;;RUE LEDRU ROLLIN;72160;CONNERRE
DP07209021Z0021-0;;;LA TAILLE;72160;CONNERRE
DP07209021Z0021-2;;;LA TAILLE;72160;CONNERRE
DP07209021Z0022-0;;;110 route DES LANDES;72160;CONNERRE
DP07209021Z0022-2;110;;ROUTE DES LANDES;72160;CONNERRE
DP07209021Z0023-0;9;IMPAS;HELENE BOUCHER;;CONNERRE
DP07209021Z0023-2;7;;RUE HELENE BOUCHER;72160;CONNERRE
DP07209021Z0024-0;;;LE ROCHER;72370;SOULITRE
DP07209021Z0024-2;34 TE;RUE;RUE DE PARIS;72160;CONNERRE
DP07209021Z0025-0;;;1 rue LOUISE MICHEL;72160;CONNERRE
DP07209021Z0025-2;1;;RUE LOUISE MICHEL;72160;CONNERRE
DP07209021Z0026-0;2/4;RUE;DE PARIS / RUE MICHEL BEAU;72160;CONNERRE
DP07209021Z0026-1;101;RUE;ANTOINE BOURDELLE;28630;LE COUDRAY
DP07209021Z0026-2;2/4;;RUE DE PARIS/ RUE MICHEL B;72160;CONNERRE
DP07209421Z0012-0;;LIEU-;LA VASSOLERIE;72440;COUDRECIEUX
DP07209421Z0012-2;;;LA VASSOLLERIE;72440;COUDRECIEUX
DP07209421Z0013-0;;LIEU-;LA VASSOLERIE;72440;COUDRECIEUX
DP07209421Z0013-2;;LIEU-;LA VASSOLLERIE;72440;COUDRECIEUX
DP07209421Z0017-0;71;RUE;PRINCIPALE;72440;COUDRECIEUX
DP07209421Z0017-2;0071;;RUE PRINCIPALE;72440;COUDRECIEUX
DP07209921Z0004-0;10;RUE;DU CHAMP JACQUET;72290;COURCEBOEUFS
DP07209921Z0004-1;10;RUE;DU CHAMP JACQUET;72290;COURCEBOEUFS
DP07209921Z0004-2;10;RUE;DU CHAMP JACQUET;72290;COURCEBOEUFS
DP07211321Z0018-0;;LIEU-;LA FONTAINE;72550;Degré
DP07211321Z0020-0;;LIEU-;La Chevallerie;72550;Degré
DP07211321Z0020-2;;;LA CHEVALLERIE;72550;DEGRE
DP07211321Z0021-0;;;Le Haut Parillé;72290;Mézières sur Ponthouin
DP07211321Z0021-1;6;RUE;des Nymphéas;72550;Degré
DP07211321Z0021-2;6;RUE;des Nymphéas;72550;DEGRE
DP07211920Z0286-0;;LIEU-;LA PICHONNIÈRE;72240;DOMFRONT-EN-CHAMPAGNE
DP07211920Z0286-2;33;;RUE DU MANS;72240;DOMFRONT EN CHAMPAGNE
DP07211921Z0309-0;;;7 rue DE LA FONTAINE;72240;NEUVILLALAIS
DP07211921Z0309-2;;;LA PETITE LUCAZIERE;72240;DOMFRONT EN CHAMPAGNE
DP07211921Z0311-0;6;RUE;DE LAVARDIN;72240;DOMFRONT-EN-CHAMPAGNE
DP07211921Z0311-2;6;RUE;DE LAVARDIN;72240;DOMFRONT EN CHAMPAGNE
DP07211921Z0313-0;;;7 rue DE CURES;72240;DOMFRONT EN CHAMPAGNE
DP07211921Z0313-2;7;;RUE DE CURES;72240;DOMFRONT EN CHAMPAGNE
DP07211921Z0315-0;8;;LE CHAMP DE LA CROIX;72240;DOMFRONT EN CHAMPAGNE
DP07211921Z0315-2;8;;LE CHAMP DE LA CROIX;72240;DOMFRONT EN CHAMPAGNE
DP07211921Z0316-2;;;LA BROSSERIE;72240;DOMFRONT EN CHAMPAGNE
DP07212421Z0058-0;;;FONTENAILLES;72220;ECOMMOY
DP07212421Z0058-2;;;FONTENAILLE;72220;ECOMMOY
DP07212421Z0061-0;35;ROUTE;DU MANS;72220;ECOMMOY
DP07212421Z0061-2;35;;ROUTE DU MANS;72220;ECOMMOY
DP07212421Z0066-0;2;RUE;MONTE CRISTO;72220;ECOMMOY
DP07212421Z0066-2;2;;RUE MONTE CRISTO;72220;ECOMMOY
DP07212421Z0069-0;;LIEU-;LES PETITES LANDES;72510;CHATEAU L'HERMITAGE
DP07212421Z0069-1;74;AVENU;DU GENERAL DE GAULLE;72000;LE MANS
DP07212421Z0069-2;61;;ROUTE DE TOURS;72220;ECOMMOY
DP07212421Z0070-0;23;RUE;LAUGIER;75017;PARIS
DP07212421Z0070-2;1;;IMPASSE DES GENETS;72220;ECOMMOY
DP07212421Z0072-0;158;AVENU;BOLLEEE;72019;LE MANS
DP07212421Z0072-2;44;;RUE DU MANEGE;72220;ECOMMOY
DP07212421Z0073-0;;LIEU-;LOIRECOPARK;72500;VAAS
DP07212421Z0073-2;;;LE VERGER;72220;ECOMMOY
DP07212421Z0074-0;;;FONTENAILLES;72220;ECOMMOY
DP07212421Z0074-2;;;FONTENAILLE;72220;ECOMMOY
DP07212421Z0075-0;38;RUE;DE LA CHRISTOPHLERE;72220;ECOMMOY
DP07212421Z0075-1;74;AVENU;DU GENERAL DE GAULLE;72000;LE MANS
DP07212421Z0075-2;42;;RUE DE LA CHRISTOPHLERE;72220;ECOMMOY
DP07212421Z0076-0;3;RUE;DES MENESTRIERS;72220;ECOMMOY
DP07212421Z0076-2;3;;RUE DES MENESTRIERS;72220;ECOMMOY
DP07212421Z0077-0;15;RUE;DU 11 NOVEMBRE;72220;SAINT-MARS-D'OUTILLE
DP07212421Z0077-2;;;LE LIZARDIER;72220;ECOMMOY
DP07212421Z0078-0;83;ROUTE;DE TOURS;72220;ECOMMOY
DP07212421Z0078-2;83;;ROUTE DE TOURS;72220;ECOMMOY
DP07212421Z0079-0;17;PLACE;DE LA REPUBLIQUE;72220;ECOMMOY
DP07212421Z0079-2;17;;PLACE DE LA REPUBLIQUE;72220;ECOMMOY
DP07212421Z0080-0;158;AVENU;BOLLEE - CS 81933;72019;LE MANS
DP07212421Z0080-2;19;RUE;DU GENERAL LECLERC;72220;ECOMMOY
DP07212421Z0081-0;19 BI;ROUTE;DES RENAUDES;72230;MONCE EN BELIN
DP07212421Z0081-2;9;;RUE DU DOCTEUR ESTRABAUD;72220;ECOMMOY
DP07212421Z0082-0;;PLACE;DU GENERAL DE GAULLE;72220;ECOMMOY
DP07212421Z0082-2;4;;PLACE DU GENERAL DE GAULLE;72220;ECOMMOY
DP07212421Z0083-0;12;ROUTE;DE TOURS;72220;ECOMMOY
DP07212421Z0083-1;7;RUE;DE BELLE ILE;72190;COULAINES
DP07212421Z0083-2;12;;ROUTE DE TOURS;72220;ECOMMOY
DP07212921Z0011-0;60;CHEMI;des reinettes;72470;Fatines
DP07212921Z0011-2;60;CHEMI;des reinettes;72470;FATINES
DP07212921Z0019-0;2;RUE;Germain Pillon;72000;Le Mans
DP07212921Z0019-2;85;ROUTE;DE LA FROMENTINIERE;72470;FATINES
DP07212921Z0022-0;26;RUE;Des Chênes;72470;Fatines
DP07212921Z0022-2;26;RUE;Des Chênes;72470;FATINES
DP07212921Z0023-0;7;RUE;DE CHAMPAGNE;72470;FATINES
DP07212921Z0023-2;7;;RUE DE CHAMPAGNE;72470;FATINES
DP07213921Z0011-0;99;;RUE DU MOULIN DES LANDES;44980;SAINTE LUCE SUR LOIRE
DP07213921Z0011-2;4;;RUE DU MOULIN NEUF;72610;FYE
DP07213921Z0012-0;1;;Les Aigrefins;72610;FYE
DP07213921Z0012-2;;;AIGREFIN;72610;FYE
DP07213921Z0013-0;6bis;;Rue Charles Perrault;72610;FYE
DP07213921Z0013-2;6bis;;Rue Charles Perrault;72610;FYE
DP07213921Z0014-2;;;LE BOULAY;72610;FYE
DP07214321Z0023-0;5;IMPAS;des Farineaux;72150;LE GRAND-LUCÉ
DP07214321Z0023-2;5;;IMPASSE DES FARINEAUX;72150;LE GRAND LUCE
DP07214321Z0025-0;6;RUE;SAINT-ANNE;72150;LE GRAND-LUCÉ
DP07214321Z0025-2;6;;RUE SAINTE ANNE;72150;LE GRAND LUCE
DP07214321Z0030-0;3;;Rue des Jardins;72150;LE GRAND-LUCE
DP07214321Z0030-2;3;;RUE DES JARDINS;72150;LE GRAND LUCE
DP07214321Z0033-0;3;CHEMI;de la Herse;72150;LE GRAND LUCE
DP07214321Z0033-2;;;LE BOIS DES BOULAS;72150;LE GRAND LUCE
DP07214321Z0034-0;1552;;Route du Courbray;72150;LE GRAND-LUCE
DP07214321Z0034-2;;;LA PETITE NOUE;72150;LE GRAND LUCE
DP07214321Z0036-0;30;;RUE SAINT-VINCENT;72150;LE GRAND-LUCE
DP07214321Z0036-2;30;;Rue Saint Vincent;72150;LE GRAND LUCE
DP07214321Z0037-0;;;Le carrefour;72220;MARIGNE LAILLE
DP07214321Z0037-2;33;;Rue du Pavois;72150;LE GRAND LUCE
DP07214521Z0007-0;;;350 CHEM de paisy  Le Tron;69760;LIMONEST
DP07214521Z0007-2;;;LE CHALET DU ROCHER;72140;LE GREZ
DP07214521Z0008-0;26;ROUTE;D'HANTENAISE;72140;LE GREZ
DP07214521Z0008-2;26;;ROUTE D HANTENAISE;72140;LE GREZ
DP07214721Z0016-0;39;RUE;Principale;72380;LA GUIERCHE
DP07214721Z0016-2;39;RUE;Principale;72380;LA GUIERCHE
DP07214721Z0025-0;16;RUE;des Chênes;72380;LA GUIERCHE
DP07214721Z0025-2;16;RUE;des Chênes;72380;LA GUIERCHE
DP07214721Z0031-0;67;RUE;Principale;72380;LA GUIERCHE
DP07214721Z0031-2;;;Pré du Bourg Neuf;72380;LA GUIERCHE
DP07214721Z0032-0;32 Bi;RUE;du Mans;72380;LA GUIERCHE
DP07214721Z0032-2;32Bis;RUE;Rue du Mans;72380;LA GUIERCHE
DP07214721Z0033-0;10;RUE;de l'Epine;72380;LA GUIERCHE
DP07214721Z0033-2;10;RUE;de l'Epine;72380;LA GUIERCHE
DP07215021Z0024-0;47;ROUTE;des Chapuisières;72380;JOUE L'ABBE
DP07215021Z0024-2;47;ROUTE;des Chapuisières;72380;JOUE L ABBE
DP07215021Z0025-0;9;ROUTE;de Montreuil;72380;JOUE L'ABBE
DP07215021Z0025-2;9;ROUTE;de Montreuil;72380;JOUE L ABBE
DP07215521Z0036-0;4;PLACE;DE LA CHANTERIE;72220;LAIGNE EN BELIN
DP07215521Z0036-2;;;L ANGLICHERIE;72220;LAIGNE EN BELIN
DP07215521Z0042-0;10;ROUTE;DES SAULES;72220;LAIGNE EN BELIN
DP07215521Z0042-2;;;LE PATIS;72220;LAIGNE EN BELIN
DP07215521Z0043-0;12;RUE;DE LA COUDRAIE;72220;LAIGNE EN BELIN
DP07215521Z0043-2;12;;RUE DE LA COUDRAIE;72220;LAIGNE EN BELIN
DP07215521Z0044-0;56;RUE;HENRY ROQUET;72220;LAIGNE EN BELIN
DP07215521Z0044-2;56;;RUE HENRY ROQUET;72220;LAIGNE EN BELIN
DP07215521Z0045-0;12;BOULE;LEPRINCE RINGUET;72000;LE MANS
DP07215521Z0045-2;35;;RUE HENRY ROQUET;72220;LAIGNE EN BELIN
DP07215521Z0046-0;43;RUE;DU COMTE;72220;LAIGNE EN BELIN
DP07215521Z0046-2;43;;RUE DU COMTE;72220;LAIGNE EN BELIN
DP07215521Z0047-0;56;RUE;HENRY ROQUET;72220;LAIGNE EN BELIN
DP07215521Z0047-2;56;;RUE HENRY ROQUET;72220;LAIGNE EN BELIN
DP07215521Z0048-0;50 B;RUE;HENRY ROQUET;72220;LAIGNE EN BELIN
DP07215521Z0048-2;50;;RUE HENRY ROQUET;72220;LAIGNE EN BELIN
DP07215521Z0049-0;53;ROUTE;DE LA FUIE;72220;LAIGNE EN BELIN
DP07215521Z0049-2;53;;ROUTE DE LA FUIE;72220;LAIGNE EN BELIN
DP07216521Z0026-0;1052;ROUTE;DE BEILLE;72450;LOMBRON
DP07216521Z0026-2;1052;ROUTE;DE BEILLE;72450;LOMBRON
DP07216521Z0027-0;192;CHEMI;DE MEZIERES;72450;LOMBRON
DP07216521Z0027-2;192;CHEMI;de MEZIERES;72450;LOMBRON
DP07216521Z0028-0;22;RUE;FRANÇOIS MONIER;72100;LE MANS
DP07216521Z0028-2;;;LA MANIERE;72450;LOMBRON
DP07216521Z0029-0;;;CELLE ST CLOUD LA, 26 RES;78170;CELLE-SAINT-CLOUD (LA)
DP07216521Z0029-2;1463;;ROUTE DE TORCE;72450;LOMBRON
DP07216521Z0031-0;3;RESID;DES PLANTES;72450;LOMBRON
DP07216521Z0031-2;;;RESIDENCE DES PLANTES;72450;LOMBRON
DP07216521Z0032-0;22;RUE;FRANCOIS MONIER;72100;LE MANS
DP07216521Z0032-2;;LIEU-;LA VALLEE;72450;LOMBRON
DP07216521Z0033-0;1628;ROUTE;DE LA MARTINIERE;72450;LOMBRON
DP07216521Z0033-2;1628;;ROUTE DE LA MARTINIERE;72450;LOMBRON
DP07216521Z0034-0;466;CHEMI;DU HAUT COUTIL;72450;LOMBRON
DP07216521Z0034-2;466;;CHEMIN DU HAUT COUTIL;72450;LOMBRON
DP07216521Z0035-0;308;ROUTE;DE SAINT CORNEILLE;72450;LOMBRON
DP07216521Z0035-2;308;;DE SAINT CORNEILLE;72450;LOMBRON
DP07216521Z0036-0;1;RESID;DES PLANTES;72450;LOMBRON
DP07216521Z0036-2;1;RESID;DES PLANTES;72450;LOMBRON
DP07216521Z0037-0;1;RUE;JULES VERNE;72650;AIGNE
DP07216521Z0037-2;491;;CHEMIN DES FERMES;72450;LOMBRON
DP07216521Z0038-0;560;ROUTE;DE SAUSSAY;72450;LOMBRON
DP07216521Z0038-2;612;ROUTE;DE SAUSSAY;72450;LOMBRON
DP07218621Z0013-0;3;RUE;Du Pré du Bourg;72170;MARESCHÉ
DP07218621Z0013-2;3;RUE;DU PRÉ DU BOURG;72170;MARESCHE
DP07218621Z0016-0;4 BIS;RUE;DES SABLONS;72170;MARESCHE
DP07218621Z0016-2;;;LA HAUTE FOULERIE;72170;MARESCHE
DP07218621Z0017-0;;LIEU-;HORTON;72170;MARESCHE
DP07218621Z0017-2;;;HORTON;72170;MARESCHE
DP07218621Z0018-0;2;RUE;DES SAULES;72170;MARESCHE
DP07218621Z0018-2;2;;RUE DES SAULES;72170;MARESCHE
DP07218621Z0019-0;;RUE;DU PONT DU GUÉ;72170;MARESCHÉ
DP07218621Z0019-2;1;;RUE DU PONT DU GUE;72170;MARESCHE
DP07218621Z0020-0;;LIEU-;LA MENARDERIE;72170;MARESCHE
DP07218621Z0020-2;;;LA MENARDERIE;72170;MARESCHE
DP07218721Z0017-0;;;43 RUE DU SAULE TRAPU;91300;MASSY
DP07218721Z0017-2;;;LES SIMONNERIES;72220;MARIGNE LAILLE
DP07220020Z0016-0;10;;COURS DES AVOCATS;72230;MONCE EN BELIN
DP07220020Z0016-1;10;;COURS DES AVOCATS;72230;MONCE EN BELIN
DP07220020Z0016-2;10;;COURS DES AVOCATS;72230;MONCE EN BELIN
DP07220021Z0004-0;;;L'Espaigne;72220;SAINT GERVAIS EN BELIN
DP07220021Z0004-1;;LIEU-;L'ESPAIGNE;72220;SAINT GERVAIS EN BELIN
DP07220021Z0004-2;23;ROUTE;de Mulsanne;72230;MONCE EN BELIN
DP07220021Z0045-0;;;LOIRECOPARK 1;72500;VAAS
DP07220021Z0045-2;;;LE PATIS;72230;MONCE EN BELIN
DP07220021Z0048-0;16;RUE;DE LA VILLE L'EVÊQUE;75008;PARIS
DP07220021Z0048-1;16;RUE;DE LA VILLE L'EVÊQUE;75008;PARIS
DP07220021Z0048-2;;;LA COUDRAIE;72230;MONCE EN BELIN
DP07220021Z0049-0;76;RUE;DES FRANÇAIS LIBRES;44200;NANTES
DP07220021Z0049-1;37;BOULE;François MITTERRAND;44816;SAINT HERBLAIN
DP07220021Z0049-2;;;LE CHAMP DE LA CROIX DU BI;72230;MONCE EN BELIN
DP07220021Z0050-0;99 TE;BOULE;DES AVOCATS;72230;MONCÉ EN BELIN
DP07220021Z0050-2;99;;BOULEVARD DES AVOCATS;72230;MONCE EN BELIN
DP07220021Z0051-0;16;RUE;DE LA VILLE L'EVÊQUE;75008;PARIS
DP07220021Z0051-1;16;RUE;DE LA VILLE L'EVÊQUE;75008;PARIS
DP07220021Z0051-2;;;L ABORD;72230;MONCE EN BELIN
DP07220520Z0013-0;1;;rue de la Violetterie;72380;MONTBIZOT
DP07220520Z0013-2;1;;rue de la Violetterie;72380;MONTBIZOT
DP07220521Z0023-0;35;;route de Teillé;72380;MONTBIZOT
DP07220521Z0023-2;35;;route de Teillé;72380;MONTBIZOT
DP07220521Z0029-0;18 bi;;Rue des Vignes;72380;Montbizot
DP07220521Z0029-2;18bis;;rue des Vignes;72380;MONTBIZOT
DP07220521Z0030-0;137;;route du Boulay;72380;MONTBIZOT
DP07220521Z0030-2;137;;route du Boulay;72380;MONTBIZOT
DP07220521Z0031-0;1;;impasse de la Sablerie;72380;MONTBIZOT
DP07220521Z0031-2;1;;impasse de la Sablerie;72380;MONTBIZOT
DP07220521Z0032-0;196;;Avenue Jean Lolive;93500;PANTIN
DP07220521Z0032-2;992;;route du Boulay;72380;MONTBIZOT
DP07220521Z0033-0;8;;Allée du Parc;72380;MONTBIZOT
DP07220521Z0033-2;8;;Allée du Parc;72380;MONTBIZOT
DP07221220Z0011-0;;;1 RES du Stade 72130 Mouli;72130;MOULINS LE CARBONNEL
DP07221220Z0011-2;1;RESID;DU STADE;72130;MOULINS LE CARBONNEL
DP07221221Z0013-0;;;18 rue DES METIERS BATTANT;72130;MOULINS LE CARBONNEL
DP07221221Z0013-2;18;;RUE DES METIERS BATTANTS;72130;MOULINS LE CARBONNEL
DP07221221Z0014-0;5;RUE;DES METIERS BATTANTS;72130;MOULINS LE CARBONNEL
DP07221221Z0014-2;5;;RUE DES METIERS BATTANTS;72130;MOULINS LE CARBONNEL
DP07221721Z0037-0;;;LE REFAY;72190;NEUVILLE SUR SARTHE
DP07221721Z0037-2;;;REFAY;72190;NEUVILLE SUR SARTHE
DP07221721Z0040-0;48;RUE;PRINCIPALE;72190;NEUVILLE SUR SARTHE
DP07221721Z0040-2;0048;RUE;RUE PRINCIPALE;72190;NEUVILLE SUR SARTHE
DP07221721Z0042-0;;LIEU-;LA PETITE PERRAUDIERE;72190;NEUVILLE SUR SARTHE
DP07221721Z0042-2;;LIEU-;LA PETITE PERAUDIERE;72190;NEUVILLE SUR SARTHE
DP07221721Z0043-0;11;IMPAS;IMPASSE DU LAVOIR;72190;Neuville-sur-Sarthe
DP07221721Z0044-0;;;ZA LA VOLLERIE;72440;BOULOIRE
DP07221721Z0044-2;25 bi;RUE;de l'Acône;72190;NEUVILLE SUR SARTHE
DP07221721Z0045-0;15;RUE;DE LA RIVIERE;72190;NEUVILLE SUR SARTHE
DP07221721Z0045-2;15;RUE;DE LA RIVIERE;72190;NEUVILLE SUR SARTHE
DP07221920Z0008-0;3;;Saint Julien;72240;Bernay-Neuvy-en-Champagne
DP07221920Z0008-2;;;3 SAINT JULIEN;72240;BERNAY NEUVY EN CHAMPAGNE
DP07221921Z0010-0;13;RUE;PRINCIPALE;72240;CURES
DP07221921Z0010-1;13;RUE;PRINCIPALE;72240;CURES
DP07221921Z0010-2;840;CHEMI;DES BOURLERIES;72240;BERNAY NEUVY EN CHAMPAGNE
DP07222521Z0017-0;14;RUE;des Champs Roux;72610;Oisseau le Petit
DP07222521Z0017-2;14;RUE;des Champs Roux;72610;OISSEAU LE PETIT
DP07222521Z0018-0;2;RUE;CHAMP VERETTE;72610;OISSEAU LE PETIT
DP07222521Z0018-2;2;RUE;CHAMP VERETTE;72610;OISSEAU LE PETIT
DP07222521Z0019-0;68;RUE;Saint Sabin;75011;PARIS
DP07222521Z0019-2;8;RUE;du Verger;72610;OISSEAU LE PETIT
DP07222521Z0020-0;23;RUE;DES CHAMPS ROUX;72610;OISSEAU LE PETIT
DP07222521Z0020-2;23;RUE;DES CHAMPS ROUX;72610;OISSEAU LE PETIT
DP07223121Z0001-0;120;CHEMI;DE CORLEVE;72250;PARIGNE L'EVEQUE
DP07223121Z0001-2;120;;CHEMIN DE CORLEVE;72250;PARIGNE L'EVEQUE
DP07223121Z0022-0;56;AVENU;DU DOCTEUR GALLOUEDECE;72250;PARIGNE L'EVEQUE
DP07223121Z0022-2;56;;AVENUE DU DOCTEUR GALLOUED;72250;PARIGNE L'EVEQUE
DP07223121Z0050-0;3;ALLEE;DU CORMIER;72250;PARIGNE L'EVEQUE
DP07223121Z0050-2;3;;ALLEE DU CORMIER;72250;PARIGNE L'EVEQUE
DP07223121Z0063-0;11;AVENU;DE L'HOMMELAIE;37170;CHAMBRAY-LES-TOURS
DP07223121Z0063-2;6;;PLACE DU 11 NOVEMBRE 1918;72250;PARIGNE L'EVEQUE
DP07223121Z0077-0;16;RUE;DES CHARMES;72100;LE MANS
DP07223121Z0077-2;24;RUE;FERNAND CRAPEZ;72250;PARIGNE L'EVEQUE
DP07223121Z0079-0;97;;LE TAILLIS;72250;PARIGNE L'EVEQUE
DP07223121Z0079-2;97;;LE TAILLIS;72250;PARIGNE L'EVEQUE
DP07223121Z0082-0;15;ALLEE;DES MANDOLINES;72250;PARIGNE L'EVEQUE
DP07223121Z0082-2;15;;ALLÉE DES MANDOLINES;72250;PARIGNE L'EVEQUE
DP07223121Z0084-0;5;RUE;Montoise;72000;
DP07223121Z0084-2;14;IMPAS;du Pissot;72250;PARIGNE L'EVEQUE
DP07223121Z0085-0;8;CHEMI;du Moulin de la Bruyère;72250;
DP07223121Z0085-1;8;CHEMI;du Moulin de la Bruyère;72250;
DP07223121Z0085-2;;LIEU-;LES GRANGES;72250;PARIGNE L'EVEQUE
DP07223121Z0086-0;26;ALLEE;des Fifres;72250;Parigné-L'Evêque
DP07223121Z0086-2;26;ALLEE;des Fifres;72250;PARIGNE L'EVEQUE
DP07223121Z0087-0;627;;LES GUETTES;72250;PARIGNE L'EVEQUE
DP07223121Z0087-2;627;;LES GUETTES;72250;PARIGNE L'EVEQUE
DP07223121Z0088-0;;;LE CHAMP DU BOIS;72250;PARIGNE L'EVEQUE
DP07223121Z0088-2;11;;RUE MARIE CURIE;72250;PARIGNE L'EVEQUE
DP07223121Z0089-0;3;ALLEE;DU CORMIER;72250;PARIGNE L'EVEQUE
DP07223121Z0089-2;3;ALLEE;DU CORMIER;72250;PARIGNE L'EVEQUE
DP07223121Z0090-0;155;;LA PETITE JOUANNETERIE;72250;PARIGNE L'EVEQUE
DP07223121Z0090-2;;;LA SAPINIERE DE LA CHICOTT;72250;PARIGNE L'EVEQUE
DP07223121Z0091-0;9;ALLEE;DES HOUX;72250;PARIGNE L'EVEQUE
DP07223121Z0091-2;9;;ALLÉE DES HOUX;72250;PARIGNE L'EVEQUE
DP07223121Z0092-0;262;ROUTE;des LAIRES;72250;PARIGNE L'EVEQUE
DP07223121Z0092-2;262;;ROUTE DES LAIRES;72250;PARIGNE L'EVEQUE
DP07223121Z0093-0;158;ROUTE;DE MOIRE;72250;PARIGNE L'EVEQUE
DP07223121Z0093-2;158;;ROUTE DE MOIRE;72250;PARIGNE L'EVEQUE
DP07223121Z0094-0;11 BI;RUE;FELIX POYEZ;77000;MELUN
DP07223121Z0094-2;14;;RUE DES NOYERS;72250;PARIGNE L'EVEQUE
DP07223121Z0095-0;;PLACE;DU 11 NOVEMBRE 1918;72250;PARIGNE L'EVEQUE
DP07223121Z0095-2;2;;RUE DES ECOLES;72250;PARIGNE L'EVEQUE
DP07223121Z0096-0;9;RUE;DES FRERES LUMIERES;72650;LA CHAPELLE-SAINT-AUBIN
DP07223121Z0096-2;333;;LE RUISSEAU;72250;PARIGNE L'EVEQUE
DP07223121Z0097-0;2A;RUE;DE L'HUILERIE;72250;PARIGNE L'EVEQUE
DP07223121Z0097-2;2 A;;RUE DE L'HUILERIE;72250;PARIGNE L'EVEQUE
DP07223121Z0098-0;;;LE GRAND ROUGE BEC;72231;PARIGNE L'EVEQUE
DP07223121Z0098-2;;;LE GRAND ROUGEBEC;72250;PARIGNE L'EVEQUE
DP07223121Z0099-0;44;RUE;FERNAND CRAPEZ;72250;PARIGNE L'EVEQUE
DP07223121Z0099-2;44;;RUE FERNAND CRAPEZ;72250;PARIGNE L'EVEQUE
DP07223421Z0085-0;10;LIEU-;VAL DE PIERRE;72140;PEZE LE ROBERT
DP07223421Z0085-2;10;ROUTE;DU RUISSEAU;72140;PEZE LE ROBERT
DP07224120Z0037-0;;;1 avenue DE LA GARE;72450;MONTFORT LE GESNOIS
DP07224120Z0037-2;1;;AVENUE DE LA GARE;72450;MONTFORT-LE-GESNOIS
DP07224121Z0014-0;29;;RUE DE TORCE;72450;LOMRBON
DP07224121Z0014-2;5;;RUE DU PATIS;72450;MONTFORT-LE-GESNOIS
DP07224121Z0051-0;27;;ROUTE DE LOMBRON;72450;MONTFORT LE GESNOIS
DP07224121Z0051-1;27;;ROUTE DE LOMBRON;72450;MONTFORT LE GESNOIS
DP07224121Z0051-2;27;;ROUTE DE LOMBRON;72450;MONTFORT-LE-GESNOIS
DP07224121Z0054-0;8;;ROUTE DE FATINES;72450;MONTFORT LE GESNOIS
DP07224121Z0054-2;8;;ROUTE DE FATINES;72450;MONTFORT-LE-GESNOIS
DP07224121Z0056-2;31;;AVENUE DE LA LIBERATION;72450;MONTFORT-LE-GESNOIS
DP07224121Z0057-0;;;7 B rue DE MONTMEDY;72450;MONTFORT LE GESNOIS
DP07224121Z0057-2;7 BIS;;RUE DE MONTMEDY;72450;MONTFORT-LE-GESNOIS
DP07224121Z0058-0;;;LES FROGERIES;72450;MONTFORT LE GESNOIS
DP07224121Z0058-2;;;LES FROGERIES;72450;MONTFORT-LE-GESNOIS
DP07224121Z0060-2;12;;RUE DU CHAMP DE FOIRE;72450;MONTFORT-LE-GESNOIS
DP07224121Z0061-0;2;;RUE TRAVERSIERE;72450;MONTFORT LE GESNOIS
DP07224121Z0061-2;2;;RUE TRAVERSIERE;72450;MONTFORT-LE-GESNOIS
DP07224121Z0062-0;;;99 route DE CONNERRE;72450;MONTFORT LE GESNOIS
DP07224121Z0062-2;99;;ROUTE DE CONNERRE;72450;MONTFORT-LE-GESNOIS
DP07224121Z0063-0;;;LA SAPINIERE DU TRONCHET;72450;MONTFORT LE GESNOIS
DP07224121Z0063-2;;;LA SAPINIERE DU TRONCHET;72450;MONTFORT LE GESNOIS
DP07224121Z0064-0;10;;GRANDE RUE;72450;MONTFORT LE GESNOIS
DP07224121Z0064-2;10;;GRANDE RUE;72450;MONTFORT-LE-GESNOIS
DP07224921Z0011-0;;;Les Aulnaies;72550;LA QUINTE
DP07224921Z0011-2;;;LES AULNAIES;72550;LA QUINTE
DP07224921Z0015-0;51;RUE;PRINCIPALE;72550;LA QUINTE
DP07224921Z0015-1;51;RUE;PRINCIPALE;72550;LA QUINTE
DP07224921Z0015-2;51;;RUE PRINCIPALE;72550;LA QUINTE
DP07224921Z0016-0;2;RUE;DE L'ECLECHE;72550;LA QUINTE
DP07224921Z0016-2;2;;RUE DE L ECLECHE;72550;LA QUINTE
DP07225421Z0001-2;2;;RUE DE LA DIVISION LECLERC;72610;ROUESSE FONTAINE
DP07226821Z0019-0;3;ROUTE;De Chardonneux;72220;SAINT BIEZ EN BELIN
DP07226821Z0019-2;3;ROUTE;De Chardonneux;72220;SAINT BIEZ EN BELIN
DP07226821Z0021-2;;;CHEMIN DU LORET;72220;SAINT BIEZ EN BELIN
DP07226821Z0022-0;;;3 Impasse Jupiter;72220;SAINT BIEZ EN BELIN
DP07226821Z0022-1;3;IMPAS;Jupiter;72220;SAINT BIEZ EN BELIN
DP07226821Z0022-2;3;IMPAS;Jupiter;72220;SAINT BIEZ EN BELIN
DP07227121Z0006-0;15;RUE;Principale;72110;saint celerin
DP07227121Z0006-2;15;;RUE PRINCIPALE;72110;SAINT CELERIN LE GERE
DP07227121Z0007-0;15;RUE;Principale;72110;Saint Celerin
DP07227121Z0007-2;15;;RUE PRINCIPALE;72110;SAINT CELERIN LE GERE
DP07227121Z0009-0;;;7 route DU CALVAIRE;72110;SAINT CELERIN
DP07227121Z0009-2;7;;ROUTE DU CALVAIRE;72110;SAINT CELERIN LE GERE
DP07227121Z0020-0;34;RUE;Principale;72110;saint célerin
DP07227121Z0020-2;34;RUE;Principale;72110;SAINT CELERIN LE GERE
DP07227121Z0021-0;5;RUE;de l'Arche;72110;Saint-Célerin
DP07227121Z0021-2;5;;RUE DE L ARCHE;72110;SAINT CELERIN LE GERE
DP07227121Z0022-0;;;755 Route de SIllé;72110;SAINT CELERIN
DP07227121Z0022-2;755;;ROUTE DE SILLE LE PHILIPPE;72110;SAINT CELERIN LE GERE
DP07227121Z0023-0;401;ROUTE;de Sillé;72110;saint celerin
DP07227121Z0023-2;401;;ROUTE DE SILLE LE PHILIPPE;72110;SAINT CELERIN LE GERE
DP07227121Z0024-0;755;ROUTE;de Sillé;72110;SAINT CELERIN
DP07227121Z0024-2;755;ROUTE;de Sillé;72110;SAINT CELERIN LE GERE
DP07227121Z0025-2;7;;RUE DE BONNETABLE;72110;SAINT CELERIN LE GERE
DP07227521Z0017-0;26;RUE;CLOS DE LA VIGNE;72460;SAINT-CORNEILLE
DP07227521Z0017-2;26;RUE;CLOS DE LA VIGNE;72460;SAINT-CORNEILLE
DP07227521Z0018-0;11;CHEMI;DU PETIT PRESBYTÈRE;72460;SAINT-CORNEILLE
DP07227521Z0018-2;11;CHEMI;DU PETIT PRESBYTÈRE;72460;SAINT-CORNEILLE
DP07227521Z0019-0;3;ALLEE;DES ACACIAS;72460;SAINT-CORNEILLE
DP07227521Z0019-2;3;ALLEE;DES ACACIAS;72460;SAINT-CORNEILLE
DP07227521Z0020-0;23;CHEMI;DES MARAIS;72460;SAINT-CORNEILLE
DP07227521Z0020-2;23;CHEMI;DES MARAIS;72460;SAINT-CORNEILLE
DP07227521Z0021-0;21;RUE;DES IRIS;72460;SAINT-CORNEILLE
DP07227521Z0021-2;21;RUE;DES IRIS;72460;SAINT-CORNEILLE
DP07227521Z0022-0;13;RUE;RUE DES SABLONS;72460;SAINT-CORNEILLE
DP07227521Z0022-1;;;ZA LE PATIS;72400;LA FERTE BERNARD
DP07227521Z0022-2;13;;RUE DES SABLONS;72460;SAINT-CORNEILLE
DP07227521Z0023-0;29;CHEMI;29 CHEMIN DE NUYET;72460;SAVIGNE L EVEQUE
DP07227521Z0023-2;27;;RUE DES SABLONS;72460;SAINT-CORNEILLE
DP07227521Z0024-0;2104;ROUTE;DE LA CLAIRICIÈRE;72460;SAINT-CORNEILLE
DP07227521Z0024-2;2104;ROUTE;DE LA CLAIRICIÈRE;72460;SAINT-CORNEILLE
DP07227521Z0025-0;7;;ROUTE DE PLAISANCE;72460;SAINT-CORNEILLE
DP07227521Z0025-1;154;;ROUTE DES MOLLIERES;72460;SAINT CORNEILLE
DP07227521Z0025-2;7;;ROUTE DE PLAISANCE;72460;SAINT-CORNEILLE
DP07228221Z0004-0;;;LA RIVIERE;72130;SAINT GEORGES LE GAULTIER
DP07228221Z0004-2;;;LA FONTAINE;72130;SAINT GEORGES LE GAULTIER
DP07228720Z2166-0;76 BI;ROUTE;DE FROMENTEAU;72220;SAINT GERVAIS EN BELIN
DP07228720Z2166-2;76;;ROUTE DE FROMENTEAU;72220;SAINT GERVAIS EN BELIN
DP07228720Z2179-0;150;ALLEE;DES NOISETIERS;69760;LIMONEST
DP07228720Z2179-2;63;ROUTE;DU MANS;72220;SAINT GERVAIS EN BELIN
DP07228721Z2202-0;146D;ROUTE;DE FROMENTEAU;72220;SAINT GERVAIS EN BELIN
DP07228721Z2202-2;146D;;ROUTE DE FROMENTEAU;72220;SAINT GERVAIS EN BELIN
DP07228721Z2214-0;2;RUE;DE NORMANDIE;72220;ST GERVAIS EN BELIN
DP07228721Z2214-2;2;;RUE DE NORMANDIE;72220;SAINT GERVAIS EN BELIN
DP07228721Z2215-0;11;RESID;DES NOYERS;72220;SAINT GERVAIS EN BELIN
DP07228721Z2215-2;;;RESIDENCE DES NOYERS;72220;SAINT GERVAIS EN BELIN
DP07228721Z2216-0;14;RUE;COPERNIC;72100;LE MANS
DP07228721Z2216-2;;;LA VIGNE;72220;SAINT GERVAIS EN BELIN
DP07228721Z2217-0;37;ROUTE;DU MANS;72220;SAINT GERVAIS EN BELIN
DP07228721Z2217-2;37;ROUTE;DU MANS;72220;SAINT GERVAIS EN BELIN
DP07228721Z2218-0;37;ROUTE;DU MANS;72220;SAINT GERVAIS EN BELIN
DP07228721Z2218-2;37;;ROUTE DU MANS;72220;SAINT GERVAIS EN BELIN
DP07228921Z0025-0;;;10 rue DES CHARDONNERETS;72380;SAINTE JAMME SUR SARTHE
DP07228921Z0025-2;10;;RUE DES CHARDONNERETS;72380;SAINTE JAMME SUR SARTHE
DP07228921Z0026-0;31bis;RUE;de Verdun;72380;STE JAMME SUR SARTHE
DP07228921Z0026-2;;;31 bis RUE DE VERDUN;72380;SAINTE JAMME SUR SARTHE
DP07228921Z0027-0;19;CHEMI;DE L'ODERIE;72380;SAINTE JAMME SUR SARTHE
DP07228921Z0027-2;19;CHEMI;L ODERIE;72380;SAINTE JAMME SUR SARTHE
DP07228921Z0028-0;11;RUE;DES ACACIAS;72380;SAINTE JAMME SUR SARTHE
DP07228921Z0028-2;11;;RUE DES ACACIAS;72380;SAINTE JAMME SUR SARTHE
DP07228921Z0029-0;10;RUE;de l'avenir;72380;sainte jamme sur sarthe
DP07228921Z0029-2;10;;RUE DE L AVENIR;72380;SAINTE JAMME SUR SARTHE
DP07228921Z0030-0;63 bi;RUE;du 8 Mai 1945;72380;SAINTE JAMME SUR SARTHE
DP07228921Z0030-2;;;LA BELLE BRU;72380;SAINTE JAMME SUR SARTHE
DP07228921Z0031-0;;IMPAS;de la Ravoirie;74370;EPAGNY METZ-TESSY
DP07228921Z0031-2;70;;RUE DU ONZE NOVEMBRE;72380;SAINTE JAMME SUR SARTHE
DP07228921Z0032-0;1;RUE;du 11 Novembre;72380;STE JAMME SUR SARTHE
DP07228921Z0032-2;1;;RUE DU ONZE NOVEMBRE;72380;SAINTE JAMME SUR SARTHE
DP07229021Z0398-0;8;;RUE DES LILAS;72380;SAINT JEAN D ASSE
DP07229021Z0398-2;8;;RUE DES LILAS;72380;SAINT JEAN D'ASSE
DP07229021Z0399-0;2;RUE;DES MARSAULTS;72380;SAINTE JAMME SUR SARTHE
DP07229021Z0399-2;28;;RUE NATIONALE;72380;SAINT JEAN D'ASSE
DP07229021Z0400-0;20;RUE;PRINCIPALE;72380;SAINT JEAN D'ASSE
DP07229021Z0400-2;20;;RUE PRINCIPALE;72380;SAINT JEAN D'ASSE
DP07229021Z0401-0;3;RUE;DES LILAS;72380;SAINT JEAN D'ASSE
DP07229021Z0401-2;3;;RUE DES LILAS;72380;SAINT JEAN D'ASSE
DP07229421Z0010-0;;;3 LA MOULIERE;72130;SAINT LEONARD DES BOIS
DP07229421Z0010-2;3;;LA MOULIERE;72130;SAINT LEONARD DES BOIS
DP07229421Z0012-2;;;LES GRANDS COLLINS;72130;SAINT LEONARD DES BOIS
DP07229421Z0013-0;;;5 allée JEAN HONORE FRAGO;72100;LE MANS
DP07229421Z0013-2;3;;IMPASSE DE LA VALLEE;72130;SAINT LEONARD DES BOIS
DP07229721Z0008-0;5;ROUTE;DE MARESCHE;72170;SAINT-MARCEAU
DP07229721Z0008-2;5;;ROUTE DE MARESCHE;72170;SAINT MARCEAU
DP07229721Z0012-0;2;LIEU-;BOUVET;72170;SAINT-MARCEAU
DP07229721Z0013-0;1;ALLEE;DU CHAMP DU HOUX;72170;SAINT-MARCEAU
DP07229721Z0013-2;1;ALLEE;DU CHAMP DU HOUX;72170;SAINT MARCEAU
DP07229721Z0014-0;3;ROUTE;de Chadenière;72170;SAINT-MARCEAU
DP07229721Z0014-2;;;LE CHAMP DU CARREFOUR;72170;SAINT MARCEAU
DP07229721Z0015-0;2;LIEU-;LES NOYERS;72170;SAINT MARCEAU
DP07229721Z0015-2;;;LES NOYERS;72170;SAINT MARCEAU
DP07229920Z0034-0;3;;RUE MICHEL DUBOYS;72220;MARIGNE LAILLE
DP07229920Z0034-2;;;MAILLARDIERE;72220;SAINT MARS D'OUTILLE
DP07229921Z0028-0;10;;CLOS DE LA VIVANCIERE;72220;SAINT MARS D'OUTILLE
DP07229921Z0028-2;10;;CLOS DE LA VIVANCIERE;72220;SAINT MARS D'OUTILLE
DP07229921Z0029-0;8;;CLOS DE LA GRANDE MAISON;72220;SAINT MARS D'OUTILLE
DP07229921Z0029-2;8;;CLOS DE LA GRANDE MAISON;72220;SAINT MARS D'OUTILLE
DP07229921Z0038-0;;;16 rue DE LA GRAND MAISON;72220;SAINT MARS D OUTILLE
DP07229921Z0038-2;16;;RUE DE LA GRAND MAISON;72220;SAINT MARS D'OUTILLE
DP07229921Z0043-0;8;;RUE DE LA GRAND MAISON;72220;SAINT MARS D'OUTILLE
DP07229921Z0043-2;8;;RUE DE LA GRAND MAISON;72220;SAINT MARS D'OUTILLE
DP07229921Z0044-0;15;;CLOS DE LA VIVANCIERE;72220;SAINT MARS D'OUTILLE
DP07229921Z0044-2;15;;CLOS DE LA VIVANCIERE;72220;SAINT MARS D'OUTILLE
DP07229921Z0045-0;12;;CLOS DU PETIT PRE;72220;SAINT MARS D'OUTILLE
DP07229921Z0045-2;12;;CLOS DU PETIT PRE;72220;SAINT MARS D'OUTILLE
DP07229921Z0046-0;12;;CLOS DU PETIT PRE;72220;SAINT MARS D'OUTILLE
DP07229921Z0046-2;12;;clos du petit pré;72220;SAINT MARS D'OUTILLE
DP07229921Z0047-0;11;;RUE EDOUARD DUMAS;72000;LE MANS
DP07229921Z0047-2;;LIEU-;LE ROMPE;72220;SAINT MARS D'OUTILLE
DP07229921Z0048-0;196;;AVENUE JEAN LOLIVE;93500;PANTIN
DP07229921Z0048-2;701;;ROUTE D'OUTILLE;72220;SAINT MARS D'OUTILLE
DP07229921Z0049-0;;;LE FOURNEAU DE LA FONTAINE;72220;SAINT MARS D'OUTILLE
DP07229921Z0049-2;;;LE FOURNEAU DE LA FONTAINE;72220;SAINT MARS D'OUTILLE
DP07229921Z0050-0;16;;RUE DE LA GRANDE MAISON;72220;SAINT MARS D'OUTILLE
DP07229921Z0050-2;16;;RUE DE LA GRAND MAISON;72220;SAINT MARS D'OUTILLE
DP07229921Z0051-0;14;;RUE NATIONALE;72220;SAINT MARS D'OUTILLE
DP07229921Z0051-2;14;;RUE NATIONALE;72220;SAINT MARS D'OUTILLE
DP07229921Z0052-0;14;;RUE NATIONALE;72220;SAINT MARS D'OUTILLE
DP07229921Z0052-2;14;;RUE NATIONALE;72220;SAINT MARS D'OUTILLE
DP07229921Z0053-0;;;37 clos DE LA VIVANCIERE;72220;SAINT MARS D OUTILLE
DP07229921Z0053-2;37;;CLOS DE LA VIVANCIERE;72220;SAINT MARS D'OUTILLE
DP07229921Z0054-0;7;;CLOS DE LA GRANDE MAISON;72220;SAINT MARS D'OUTILLE
DP07229921Z0054-2;7;;CLOS DE LA GRANDE MAISON;72220;SAINT MARS D'OUTILLE
DP07230021Z0028-0;1;ROUTE;Départementale Saint Etie;72470;SAINT-MARS-LA-BRIERE
DP07230021Z0028-2;1;ROUTE;Départementales 357 Saint;72470;SAINT MARS LA BRIERE
DP07230021Z0031-0;10 bi;RUE;du Mans;72470;SAINT-MARS-LA-BRIERE
DP07230021Z0031-2;10 Bi;RUE;du Mans;72470;SAINT MARS LA BRIERE
DP07230021Z0036-0;23;RUE;Laugier;75017;PARIS
DP07230021Z0036-2;3;ALLEE;des Charmes;72470;SAINT MARS LA BRIERE
DP07230021Z0037-0;4823;ROUTE;des Loudonneaux;72470;SAINT-MARS-LA-BRIERE
DP07230021Z0037-2;4823;ROUTE;des Loudonneaux;72470;SAINT MARS LA BRIERE
DP07230021Z0038-0;15;RUE;DE LA GRANGE;72470;SAINT-MARS-LA-BRIERE
DP07230021Z0038-2;15;RUE;DE LA GRANGE;72470;SAINT-MARS-LA-BRIERE
DP07230021Z0039-0;200;IMPAS;des Papillonnières;72470;SAINT-MARS-LA-BRIERE
DP07230021Z0039-2;136;IMPAS;des Papillonnières;72470;SAINT MARS LA BRIERE
DP07230021Z0040-0;18;ALLEE;Itala;72470;SAINT-MARS-LA-BRIERE
DP07230021Z0040-2;18;ALLEE;Itala;72470;SAINT MARS LA BRIERE
DP07230021Z0041-2;72;RUE;de Paris;72470;SAINT MARS LA BRIERE
DP07230021Z0042-0;2067;ROUTE;de Saint Denis du Tertre;72470;SAINT-MARS-LA-BRIERE
DP07230021Z0042-2;2067;ROUTE;de Saint Denis du Tertre;72470;SAINT MARS LA BRIERE
DP07230021Z0044-0;19;RUE;Etienne Lenoir;53000;LAVAL
DP07230021Z0044-2;;RUE;de la Coquellerie;72470;SAINT MARS LA BRIERE
DP07230021Z0045-0;17;RUE;de la Grange;72470;SAINT-MARS-LA-BRIERE
DP07230021Z0045-2;17;RUE;de la Grange;72470;SAINT MARS LA BRIERE
DP07230021Z0046-0;12;BOULE;Yvonne Porel - CS 10906;49009;ANGERS
DP07230021Z0046-2;1 à;RESID;des Vergers;72470;SAINT MARS LA BRIERE
DP07230321Z0009-0;16;;rue de la Ville l'Eveque;75008;PARIS
DP07230321Z0009-2;;;CHAMP DE LA BRUYERE;72440;SAINT MICHEL DE CHAVAIGNES
DP07230321Z0011-0;;;ZA LA VOLLERIE;72440;BOULOIRE
DP07230321Z0011-2;;;LA PELOUSE;72440;SAINT MICHEL DE CHAVAIGNES
DP07230321Z0012-0;8bis;RUE;de la Croix fleurie;72440;SAINT-MICHEL-DE-CHAVAIGNES
DP07230321Z0012-2;;;CHAMP DE LA FABRIQUE;72440;SAINT MICHEL DE CHAVAIGNES
DP07230321Z0013-0;;;ZA LA VOLLERIE;72440;BOULOIRE
DP07230321Z0013-2;;;LA BORDE TRUDEAU;72440;SAINT MICHEL DE CHAVAIGNES
DP07230321Z0014-0;10;ROUTE;de Thorigné;72440;Saint-Michel-de-Chavaignes
DP07230321Z0014-2;10;;RUE DE THORIGNE;72440;SAINT MICHEL DE CHAVAIGNES
DP07230321Z0015-0;26;RUE;des fleurs;72440;Saint-Michel-de-Chavaignes
DP07230321Z0015-2;26;;RUE DES FLEURS;72440;SAINT MICHEL DE CHAVAIGNES
DP07230521Z0012-0;;;8 LA TOUCHE;72130;SAINT OUEN DE MIMBRE
DP07230521Z0012-2;;;LA VIGNE;72130;SAINT OUEN DE MIMBRE
DP07230521Z0013-0;;;LE PETIT BRIEUX, LA BELINE;72130;SAINT OUEN DE MIMBRE
DP07230521Z0013-2;;;LA BELINERIE;72130;SAINT OUEN DE MIMBRE
DP07230521Z0014-0;;;29 rue DU RAY;72130;SAINT OUEN DE MIMBRE
DP07230521Z0014-2;29;;RUE DU RAY;72130;SAINT OUEN DE MIMBRE
DP07230619Z0014-0;;;18 rue DE LA CHANVRERIE;72220;SAINT OUEN EN BELIN
DP07230619Z0014-1;18;ROUTE;DE LA CHANVRERIE;72220;SAINT OUEN EN BELIN
DP07230619Z0014-2;18;;RUE DE LA CHANVRERIE;72220;SAINT OUEN EN BELIN
DP07230621Z0015-0;3;RUE;RENE HATET APT 2;72000;LE MANS
DP07230621Z0015-1;3;RUE;RENE HATET APT 2;72000;LE MANS
DP07230621Z0015-2;;;ROUTE DES TROIS MAILLETS;72220;SAINT OUEN EN BELIN
DP07230621Z0020-0;5;ROUTE;DE L AUNAIE;72220;SAINT OUEN EN BELIN
DP07230621Z0020-2;5;ROUTE;DE L AUNAIE;72220;SAINT OUEN EN BELIN
DP07230621Z0021-0;10;HAMEA;DU CHENE;72220;SAINT OUEN EN BELIN
DP07230621Z0021-2;10;HAMEA;DU CHENE;72220;SAINT OUEN EN BELIN
DP07230621Z0022-0;2;RUE;DE LA CHAPELLERIE;72220;SAINT OUEN EN BELIN
DP07230621Z0022-2;2;RUE;DE LA CHAPELLERIE;72220;SAINT OUEN EN BELIN
DP07231020Z0039-0;;;20 allée DES POMMIERS;72190;SAINT PAVACE
DP07231020Z0039-2;20;;ALLÉE DES POMMIERS;72190;SAINT PAVACE
DP07231021Z0020-0;;;2 square DU PATIS;72190;SAINT PAVACE
DP07231021Z0020-2;2;;SQUARE DU PATIS;72190;SAINT PAVACE
DP07231021Z0034-0;26;RUE;de la Grande Prée;72190;SAINT PAVACE
DP07231021Z0034-2;26;RUE;de la Grande Prée;72190;SAINT PAVACE
DP07231021Z0036-0;;;2 rue DE PROVENCE;72190;SAINT PAVACE
DP07231021Z0036-2;2;;RUE DE PROVENCE;72190;SAINT PAVACE
DP07231021Z0037-0;22;RUE;du Champ Large;72190;SAINT PAVACE
DP07231021Z0037-2;22;;RUE DU CHAMP LARGE;72190;SAINT PAVACE
DP07231021Z0038-0;;;16 rue DU LAUZAI;72190;SAINT PAVACE
DP07231021Z0038-2;16;;RUE DU LAUZAI;72190;SAINT PAVACE
DP07231021Z0039-0;25;RUE;de la Grande Prée;72190;SAINT PAVACE
DP07231021Z0039-2;25;;RUE DE LA GRANDE PREE;72190;SAINT PAVACE
DP07231521Z0010-0;5;;LE PETIT NOYER;72140;SAINT REMY DE SILLE
DP07231521Z0010-1;5;;LE PETIT NOYER;72140;SAINT REMY DE SILLE
DP07231521Z0010-2;5;;LE PETIT NOYER;72140;SAINT REMY DE SILLE
DP07231521Z0011-0;2;CHEMI;DE LA MAMADRERIE;72140;SAINT REMY DE SILLE
DP07231521Z0011-2;2;;CHEMIN DE LA MALADRERIE;72140;SAINT REMY DE SILLE
DP07231921Z0012-2;1278;RUE;DE POCHÉ;72380;SAINTE SABINE SUR LONGEVE
DP07231921Z0013-0;17;RUE;DES 3 COULEURS;72380;SAINTE SABINE SUR LONGEVE
DP07231921Z0013-2;17;RUE;DES 3 COULEURS;72380;SAINTE SABINE SUR LONGEVE
DP07232121Z0007-0;7;RUE;DU MARECHAL DE LATTRE DE T;78150;LE CHESNAY
DP07232121Z0007-2;;;LE MONT PORCHER;72240;SAINT SYMPHORIEN
DP07232921Z0049-0;;;24 RUE DE LA PELOUSE;72460;SAVIGNE L EVEQUE
DP07232921Z0049-2;24;;RUE DE LA PELOUSE;72460;SAVIGNÉ-L'ÉVÊQUE
DP07232921Z0053-0;15;RUE;ALPHONSE LAVALLEE;72460;SAVIGNE L'EVEQUE
DP07232921Z0053-2;15;RUE;ALPHONSE LAVALLEE;72460;SAVIGNÉ-L'ÉVÊQUE
DP07232921Z0054-0;11;RUE;MARCHANDE;72460;SAVIGNE L'EVEQUE
DP07232921Z0054-2;11;RUE;MARCHANDE;72460;SAVIGNÉ-L'ÉVÊQUE
DP07232921Z0055-0;92;;CHEMIN DES MORLETTES;72460;SAVIGNE L'EVEQUE
DP07232921Z0055-2;92;;CHEMIN DES MORLETTES;72460;SAVIGNÉ-L'ÉVÊQUE
DP07232921Z0056-0;538;;CHEMIN DES MORLETTES;72460;SAVIGNE L'EVEQUE
DP07232921Z0056-2;538;;CHEMIN DES MORLETTES;72460;SAVIGNÉ-L'ÉVÊQUE
DP07233421Z0022-0;15;ALLEE;DE LA SOURCE;72140;SILLE LE GUILLAUME
DP07233421Z0022-2;15;;ALLÉE DE LA SOURCE;72140;SILLE LE GUILLAUME
DP07233421Z0027-0;13;;rue du coq hardi;72140;sillé le guillaume
DP07233421Z0027-1;7;RUE;DE BELLE ILE;72590;COULAINES
DP07233421Z0027-2;;;RUE DE SABLE;72140;SILLE LE GUILLAUME
DP07233421Z0031-0;77;AVENU;Olivier Messiaen;72083;LE MANS
DP07233421Z0031-2;18;;RUE DU COQ HARDI;72140;SILLE LE GUILLAUME
DP07233421Z0032-0;;;La Rougerie;45220;TRIGUIERES
DP07233421Z0032-2;14;;CHEMIN DE LA PARESSE;72140;SILLE LE GUILLAUME
DP07233421Z0034-0;1;CHEMI;DE LA MAISON FORTE;43800;CHAMALIERES SUR LOIRE
DP07233421Z0034-2;2;;RUE DU 11 NOVEMBRE;72140;SILLE LE GUILLAUME
DP07233421Z0035-0;3;;Le petit Noyer;72140;SAINT REMY DE SILLE
DP07233421Z0035-2;5;;PASSAGE DU TERTRE;72140;SILLE LE GUILLAUME
DP07233421Z0036-0;5;RUE;DU PONT D'ENFER;72140;SILLE LE GUILLAUME
DP07233421Z0036-1;10;ALLEE;Saint Christophe;72650;LA CHAPELLE SAINT AUBIN
DP07233421Z0036-2;5;;RUE ALEXANDRE MOREAU;72140;SILLE LE GUILLAUME
DP07233421Z0037-2;1;PLACE;DE LA CROIX D'OR;72140;SILLE LE GUILLAUME
DP07233421Z0038-0;46;CHEMI;DE LA PARESSE;72140;SILLE LE GUILLAUME
DP07233421Z0038-2;46;;CHEMIN DE LA PARESSE;72140;SILLE LE GUILLAUME
DP07233421Z0039-2;4;;RUE DE LA SANGLE;72140;SILLE LE GUILLAUME
DP07233421Z0040-0;15;ALLEE;DE LA SOURCE;72140;SILLE LE GUILLAUME
DP07233421Z0040-2;15;;ALLÉE DE LA SOURCE;72140;SILLE LE GUILLAUME
DP07233421Z0041-0;15 BI;RUE;DU DOCTEUR tOUCHARD;72140;SILLE LE GUILLAUME
DP07233421Z0041-2;15;;RUE DU DOCTEUR TOUCHARD;72140;SILLE LE GUILLAUME
DP07233421Z0042-0;29;RUE;du Docteur Touchard;72140;SILLE LE GUILLAUME
DP07233421Z0042-2;29;;RUE DU DOCTEUR TOUCHARD;72140;SILLE LE GUILLAUME
DP07233521Z0014-2;;;LE PETIT VAUGUERIN;;SILLÉ LE PHILIPPE
DP07233521Z0015-0;;;LE MOULIN NEUF;72460;SILLE LE PHILIPPE
DP07233521Z0015-2;;;LE MOULIN NEUF;72460;SILLÉ LE PHILIPPE
DP07233521Z0016-0;10;RUE;DE L'ENERGIE;67720;HOERDT
DP07233521Z0016-2;8;;RUE NEUVE;72460;SILLÉ LE PHILIPPE
DP07233721Z0007-0;5;;LA BASSE ROBINIERE;72130;SOUGE LE GANELON
DP07233721Z0007-2;5;;LA BASSE ROBINIERE;72130;SOUGE LE GANELON
DP07233721Z0011-0;53;RUE;DE LA POTERIE;72130;MOULINS LE CARBONNEL
DP07233721Z0011-2;8;RUE;GENERAL  CAMBRONNE;72130;SOUGE LE GANELON
DP07233721Z0013-0;8;RUE;DU PUITS;72130;SAINT PAUL LE GAULTIER
DP07233721Z0013-2;;;RESIDENCE DES AVALOIRS;72130;SOUGE LE GANELON
DP07233721Z0014-0;13;RUE;de la Martinière;72130;SOUGE LE GANELON
DP07233721Z0014-2;0013;RUE;RUE DE LA MARTINIERE;;SOUGE LE GANELON
DP07233721Z0015-0;5;RUE;de la Fontaine;72130;Sougé le Ganelon
DP07233721Z0015-2;5;;RUE DE LA FONTAINE;72130;SOUGE LE GANELON
DP07233721Z0016-0;7;RUE;de la Basse Cour;72130;SOUGE LE GANELON
DP07233721Z0016-2;7;RUE;de la Basse Cour;72130;SOUGE LE GANELON
DP07233821Z0010-0;;;LA PETITE MORADERIE;72380;SOUILLE
DP07233821Z0010-2;;;LA PETITE MORADERIE;72380;SOUILLE
DP07233821Z0011-0;8;RUE;DES PATIS;72380;SAINTE JAMME SUR SARTHE
DP07233821Z0011-2;;;LES JENVRIES;72380;SOUILLE
DP07233821Z0012-0;;;24 domaine DU FOUR A CHANV;72380;SOUILLE
DP07233821Z0012-2;24;;DOMAINE DU FOUR A CHANVRE;72380;SOUILLE
DP07233821Z0013-0;;;LE VIEUX CHENE;72380;SOUILLE
DP07233821Z0013-2;;;LE VIEUX CHENE;72380;SOUILLE
DP07234021Z0019-0;8;IMPAS;de la Prée;72290;SOULIGNE-SOUS-BALLON
DP07234021Z0019-2;8;;IMPASSE DE LA PREE;72290;SOULIGNE SOUS BALLON
DP07234021Z0026-0;7;ALLEE;des Noisetiers;72290;SOULIGNE-SOUS-BALLON
DP07234021Z0026-2;7;;ALLÉE DES NOISETIERS;72290;SOULIGNE SOUS BALLON
DP07234021Z0027-0;13;ROUTE;des Crêtes;72290;SOULIGNE-SOUS-BALLON
DP07234021Z0027-1;74;AVENU;du Général de Gaulle;72000;LE MANS
DP07234021Z0027-2;13;ROUTE;DES CRETES;72290;SOULIGNE SOUS BALLON
DP07234021Z0028-0;16;RUE;Louis-Raphaël DU MESNIL;72290;SOULIGNE-SOUS-BALLON
DP07234021Z0028-2;16;RUE;LOUIS-RAPHAEL DU MESNIL;72290;SOULIGNE SOUS BALLON
DP07234121Z0006-0;;;LA PETITE ROCHE;72370;SOULITRÉ
DP07234121Z0006-2;;;LA PETITE ROCHE;72370;SOULITRÉ
DP07235021Z0053-0;47;RUE;DU HUIT MAI;72220;TELOCHE
DP07235021Z0053-2;4;;RUE DE L ARCHE;72220;TELOCHE
DP07235021Z0054-0;6;RUE;DE BEL AIR;72220;TELOCHE
DP07235021Z0054-2;6;;RUE DE BEL AIR;72220;TELOCHE
DP07235021Z0055-0;8;RUE;DES JARDINS;72220;TELOCHE
DP07235021Z0055-2;8;;RUE DES JARDINS;72220;TELOCHE
DP07235021Z0056-0;4;IMPAS;DES VIOLETTES;72220;TELOCHE
DP07235021Z0056-2;4;;IMPASSE DES VIOLETTES;72220;TELOCHE
DP07235021Z0057-0;31;RUE;DE BEL AIR;72220;TELOCHE
DP07235021Z0057-2;31;RUE;DE BEL AIR;72220;TELOCHE
DP07235021Z0059-0;;LIEU-;L'ORESIERE;72220;TELOCHE
DP07235021Z0059-2;;;L ORESIERE;72220;TELOCHE
DP07235021Z0060-0;;;LA PETITE BELLANGERIE;72220;TELOCHE
DP07235021Z0060-2;;;LA PETITE BELLANGERIE;72220;TELOCHE
DP07235021Z0061-0;6;IMPAS;DES ROSES;72220;TELOCHE
DP07235021Z0061-2;6;;RUE DES ROSES;72220;TELOCHE
DP07235021Z0062-0;67;RUE;BEL AIR;72220;TELOCHE
DP07235021Z0062-2;67;;RUE DE BEL AIR;72220;TELOCHE
DP07235021Z0063-0;196;AVENU;JEAN LOLIVE;93500;PANTIN
DP07235021Z0063-2;30;;RUE DES ALOUETTES;72220;TELOCHE
DP07235021Z0064-0;10;IMPAS;DES PERRIERES;72220;TELOCHE
DP07235021Z0064-2;10;HAMEA;DES PERRIERES;72220;TELOCHE
DP07235120Z0016-0;11;RUE;Andrée Le Grou;72240;Tennie
DP07235120Z0016-2;11;;RUE ANDREE LE GROU;72240;TENNIE
DP07235121Z0014-0;3;RUE;FAYOLLE;23110;SANNAT
DP07235121Z0014-2;14;RUE;ANDREE LE GROU;72240;TENNIE
DP07235121Z0015-0;3;IMPAS;DE LA NOE;72240;TENNIE
DP07235121Z0015-2;3;;IMPASSE DE LA NOE;72240;TENNIE
DP07235121Z0016-0;7;;rue du Petit Beauvais;72240;TENNIE
DP07235121Z0016-2;7;;RUE DU PETIT BEAUVAIS;72240;TENNIE
DP07235821Z0010-2;12;;PLACE DE L EGLISE;72160;THORIGNE SUR DUE
DP07235821Z0013-0;;;LES BROSSES;72160;THORIGNE SUR DUE
DP07235821Z0013-2;;;LES BROSSES;72160;THORIGNE SUR DUE
DP07235821Z0014-0;21;;LA BARRE;72160;THORIGNE SUR DUE
DP07235921Z0021-0;;;LA PIECE DU PONT;72110;SAINT CELERIN
DP07235921Z0021-2;;;LE GRAND PATURAIL;;TORCÉ EN VALLÉE
DP07235921Z0022-2;4;;CHEMIN DE L OGERIE;;TORCÉ EN VALLÉE
DP07235921Z0023-0;;;24 RUE GISELE LEDRU MADELA;72110;TORCE EN VALLEE
DP07235921Z0024-0;68;;ROUTE DE FRANCOURT LIEU-DI;72110;TORCE EN VALLEE
DP07235921Z0024-2;68;;ROUTE DE FRANCOURT LIEU-DI;72110;TORCÉ EN VALLÉE
DP07236121Z0007-0;2;LIEU-;La Pointe du Bourg;72440;Tresson
DP07236121Z0007-2;2;LIEU-;La Pointe du Bourg;72240;TRESSON
DP07236121Z0008-0;2;LIEU-;La Houssaie;72440;Tresson
DP07236121Z0008-2;2;LIEU-;La Houssaie;72240;TRESSON
DP07236121Z0009-0;;LIEU-;LOIRECOPARK 1;72500;Vaas
DP07236121Z0009-2;;;LE BOIS DU RONDEAU;72240;TRESSON
DP07238020Z0022-0;13;RESID;DE HAUT DES MURS;72170;VIVOIN
DP07238020Z0022-2;13;RESID;DU HAUT DES MURS;72170;VIVOIN
DP07238021Z0020-0;;;LE PETIT VERGER, CONGE DES;72170;VIVOIN
DP07238021Z0020-2;;;CONGE DES GUERETS;72170;VIVOIN
DP07238021Z0023-0;;;6 rue DE MARESCHE;72170;VIVOIN
DP07238021Z0023-2;6;;RUE DE MARESCHE;72170;VIVOIN
DP07238021Z0027-0;;;CHERREAU;72170;MEURCE
DP07238021Z0027-2;;;BEAULORIER;72170;VIVOIN
DP07238021Z0028-0;;;2 rue DE BEAULIEU;72170;VIVOIN
DP07238021Z0028-2;2;;RUE DE BEAULIEU;72170;VIVOIN
DP07238021Z0029-0;;;10 rue DE VILLENEUVE;72170;VIVOIN
DP07238021Z0029-2;10;;RUE DE VILLENEUVE;72170;VIVOIN
DP07238021Z0030-0;;;LA CAVE;72170;VIVOIN
DP07238021Z0030-2;;;LA CAVE;72170;VIVOIN
DP07238021Z0031-0;;;5 BEAULORIER;72170;VIVOIN
DP07238021Z0031-2;;;BEAULORIER;72170;VIVOIN
DP07238221Z0012-0;10;ROUTE;DE LA BRAZONNIERE;72440;VOLNAY
DP07238221Z0012-2;3;;RUE PRINCIPALE;72440;VOLNAY
DP07238221Z0013-0;;LIEU-;LE SARGILET;72440;Volnay
DP07238221Z0013-2;;LIEU-;LE SARGILET;72440;VOLNAY
DP07238221Z0014-0;;LIEU-;Les Bordages;72440;Volnay
DP07238221Z0014-1;;;15 rue Camille Claudel;72210;LA SUZE SUR SARTHE
DP07238221Z0014-2;;;LES BORDAGES;72440;VOLNAY
DP07238221Z0015-2;;;MONTHONGIS;72440;VOLNAY
DP07238221Z0016-0;9;AVENU;de l'Alma;94210;SAINT MAUR DES FOSSES
DP07238221Z0016-2;7;;ROUTE DE LA BRAZONNIERE;72440;VOLNAY
DP07238221Z0017-0;;;Les Plouses;72440;VOLNAY
DP07238221Z0017-1;;;ZA des quatre vies;38290;FRONTONAS
DP07238221Z0017-2;;;LES PLOUSES;72440;VOLNAY
DP07238221Z0018-0;;;La Sapinière des Loges;72440;Volnay
DP07238221Z0018-2;;;LES LOGES;72440;VOLNAY
PA07202419Z001602-0;17;;AVENUE DU MANS;72650;LA BAZOGE
PA07202419Z001602-2;17;;AVENUE DU MANS;72650;LA BAZOGE
PA07218621Z0001-0;;;Poché;72380;SAINTE SABINE SUR LONGEVE
PA07218621Z0001-2;;;LA CROIX DE PIERRE;72170;MARESCHE
PA07220517Z000302-0;11;RUE;DU DONJON;72055;LE MANS CEDEX 02
PA07220517Z000302-2;;;DE LA POSTE;72380;MONTBIZOT
PA07220520Z000102-0;;;Place Louis Rouzay;72380;MONTBIZOT
PA07220520Z000102-2;;;Le Clos;72380;MONTBIZOT
PA07221720Z0002-0;51 A;CHEMI;DE LA BROSSE;49130;LES PONTS DE CE
PA07221720Z0002-2;;RUE;DU STADE;72190;NEUVILLE SUR SARTHE
PA07223421Z0001-0;8;RUE;DE LA GARE;72140;PEZE-LE-ROBERT
PA07223421Z0001-2;;RUE;de la gare;72140;PEZE LE ROBERT
PA07227121Z000101-0;;LIEU-;Les Côtières;41800;Trôo
PA07227121Z000101-2;;;Le Verger;72110;SAINT CELERIN LE GERE
PA07229421Z0001-0;2;RUE;ABBE LELIEVRE;72130;FRESNAY SUR SARTHE
PA07229421Z0001-2;;;LE GASSEAU;72130;SAINT LEONARD DES BOIS
PA07230113P000402-0;;;ESPACE FRANCOIS MITTERAND;72290;Ballon-Saint Mars
PA07230113P000402-2;;LIEU-;LE BOURG;72290;BALLON - SAINT MARS
PA07235921Z0002-0;3;RUE;DE L'ANCIENNE GARE;72110;TORCE EN VALLEE
PA07235921Z0002-2;;;RUE DE L'ANCIENNE GARE;;TORCÉ EN VALLÉE
PC07200721Z0003-0;35;;RUE DES HAUTS JARDINS;72210;LA SUZE SUR SARTHE
PC07200721Z0003-2;;;7 Le Petit Levant;72370;ARDENAY SUR MERIZE
PC07200721Z0004-0;2B;RUE;Docteur CLAUSSE;72250;PARIGNE L EVEQUE
PC07200721Z0004-1;2B;RUE;du Docteur Clausse;72250;PARIGNE L'EVEQUE
PC07200721Z0004-2;;;Lot 33 LE PETIT LEVANT;;ARDENAY SUR MERIZE
PC07201121Z0003-0;17;RUE;Adrien Moinet;61420;SAINT DENIS SUR SARTHON
PC07201121Z0003-2;;;La Madeleine;72130;ASSE LE BOISNE
PC07201121Z0004-0;1;RUE;DES EPINETTES;72130;ASSE LE BOISNE
PC07201121Z0004-2;1;;RUE DES EPINETTES;72130;ASSE LE BOISNE
PC07202321Z0006-0;;;LE DALIBERT;72290;BALLON-SAINT MARS
PC07202321Z0006-2;;;Le Dalibert;72290;BALLON - SAINT MARS
PC07202321Z0010-0;9;;LE VERGER;72290;BALLON-SAINT MARS
PC07202321Z0010-2;;;LE VERGER ST MARS;72290;BALLON - SAINT MARS
PC07202321Z0011-0;19;RUE;DE TOURAINE;72000;LE MANS
PC07202321Z0011-2;25;;RUE PAUL COURBOULAY;72290;BALLON - SAINT MARS
PC07202321Z0013-0;156;AVENU;BOLLEE;72000;LE MANS
PC07202321Z0013-1;80;BOULE;DE CHINON;37300;JOUE LES TOURS
PC07202321Z0013-2;14;;RUE PAUL COURBOULAY;72290;BALLON - SAINT MARS
PC07202321Z0014-0;4;RUE;DE BEL AIR;72290;BALLON- SAINT MARS
PC07202321Z0014-2;4;;RUE DE BEL AIR;72290;BALLON - SAINT MARS
PC07202408P233101-0;9;;ROUTE DE L'AUNAY TRUCHET;72650;LA BAZOGE
PC07202408P233101-2;9;;ROUTE DE L'AUNAY TRUCHET;72650;LA BAZOGE
PC07202421Z286801-0;2;;impasse des Iris;72650;AIGNE
PC07202421Z286801-2;;;Lot 13 - Lotissement Le Gr;72650;LA BAZOGE
PC07202421Z288601-0;118;;RUE DES COCHEREAUX;72000;LE MANS
PC07202421Z288601-2;;;LOTISSEMENT  LE CLOS DES G;72650;LA BAZOGE
PC07202421Z2906-0;5;;RUE DE L'ARCHE;72650;LA BAZOGE
PC07202421Z2906-2;5;;RUE DE L'ARCHE;72650;LA BAZOGE
PC07202421Z2910-0;10;;RUE DU MORTIER;72650;LA BAZOGE
PC07202421Z2910-2;;;LOTISSEMENT LE GRAND CLOTE;72650;LA BAZOGE
PC07202421Z2911-0;5;;ROUTE DE SAINT NICOLAS;72650;LA BAZOGE
PC07202421Z2911-2;;;LE CLOS DES GUIGNIERS;72650;LA BAZOGE
PC07202421Z2912-0;;;L'AUNAY TRUCHET;72650;LA BAZOGE
PC07202421Z2912-2;;;L AUNAY TRUCHET;72650;LA BAZOGE
PC07202421Z2913-0;;;LA FLEURIERE;72380;SAINTE-JAMME-SUR-SARTHE
PC07202421Z2913-2;;;LOTISSEMENT LE CLOS DES GU;72650;LA BAZOGE
PC07202421Z2914-0;3;RUE;DU GRAND CLOTEAU;72650;LA BAZOGE
PC07202421Z2914-2;3;RUE;DU GRAND CLOTEAU;72650;LA BAZOGE
PC07202421Z2915-0;12;;RUE DES GLYCINES;72650;LA BAZOGE
PC07202421Z2915-2;;;LOTISSEMENT LE GRAND CLOTE;72650;LA BAZOGE
PC07202421Z2916-0;59;;RUE DU GENERAL DE GAULLE;72190;COULAINES
PC07202421Z2916-2;;;LOTISSEMENT LE GRAND CLOTE;72650;LA BAZOGE
PC07202421Z2919-0;1;;RUE DES ACACIAS;72650;LA MILESSE
PC07202421Z2919-2;;;LA COTE DES GUIGNIERS;72650;LA BAZOGE
PC07202421Z2922-0;;;LA LUARDIERE D'EN BAS;72650;LA  BAZOGE
PC07202421Z2922-2;;;LA LUARDIERE D'EN BAS;72650;LA BAZOGE
PC07202421Z2923-0;;;LA GRISONNIERE;72650;LA BAZOGE
PC07202421Z2923-2;;;LA GRISONNIERE;72650;LA BAZOGE
PC07202421Z2924-0;24;;AVENUE DU MANS;72650;LA BAZOGE
PC07202421Z2924-2;;;LOTISSEMENT LE GRAND CLOTE;72650;LA BAZOGE
PC07202421Z2925-0;3;;ALLEE DES LAVANDES;72650;LA BAZOGE
PC07202421Z2925-2;22;;RUE DU GRAND CLOTEAU;72650;LA BAZOGE
PC07202421Z2926-0;15;;CHEMIN DU BOURNEUF;72650;LA BAZOGE
PC07202421Z2926-2;36;;RUE DES BOUVREUILS;72650;LA BAZOGE
PC07202921Z0008-0;1110;ROUTE;de la Maufière;72170;Beaumont-sur-Sarthe
PC07202921Z0008-1;1110;ROUTE;de la Maufière;72170;Beaumont-sur-Sarthe
PC07202921Z0008-2;;;LA MAUFIERE;72170;BEAUMONT SUR SARTHE
PC07202921Z0009-0;;;33 rue DE FALAIZE;72170;BEAUMONT SUR SARTHE
PC07202921Z0009-2;33;;RUE DE FALAIZE;72170;BEAUMONT SUR SARTHE
PC07202921Z0010-0;7;LIEU-;LE CHERRAI;72000;LE MANS
PC07202921Z0010-1;37;RUE;CHANZY;72240;LE MANS
PC07202921Z0010-2;;;LA VIAGERIE;72170;BEAUMONT SUR SARTHE
PC07203621Z0002-2;;;LES CRANNES;72610;BETHON
PC07203621Z0003-2;;;LES VINETTES;72610;BETHON
PC07204221Z0015-0;;;7 RUE NATIONALE;72440;BOULOIRE
PC07204221Z0015-2;4;;RUE MARIUS BESLIN;72440;BOULOIRE
PC07204221Z0016-2;4;CHEMI;DE LA GUITTONNIERE;72440;BOULOIRE
PC07204221Z0017-0;;;LE CLOTEAU;72400;CORMES
PC07204221Z0017-2;14;ROUTE;DE LA SANSONNIERE;72440;BOULOIRE
PC07204221Z0018-0;57;;RUE DU JEU DE PAUME;72440;BOULOIRE
PC07204221Z0018-2;;;CHEMIN DE LA BOULANDERIE;72440;BOULOIRE
PC07204221Z0019-0;6;;RUE DE LA SAULINIERE;72120;SAINT CALAIS
PC07204221Z0019-2;;;LE MOULIN DE L'ETANG;72440;BOULOIRE
PC07204221Z0020-0;;;HOTEL DU DEPARTEMENT, plac;72000;LE MANS
PC07204221Z0020-2;15;;RUE DU COLLEGE;72440;BOULOIRE
PC07204621Z0007-0;;LIEU-;MORTEUVRE;72370;LE BREIL SUR MERIZE
PC07204621Z0007-2;;;MORTEUVRE;72370;LE BREIL-SUR-MÉRIZE
PC07204721Z0018-0;8;;RUE DE BENER;72530;YVRE L'EVEQUE
PC07204721Z0018-2;0014;;RUE DES MESANGES;72250;BRETTE LES PINS
PC07204721Z0019-0;1;ALLEE;Le Prince d'Ardenay;72000;Le Mans
PC07204721Z0019-2;14 bi;RUE;des Bouleaux;72250;BRETTE LES PINS
PC07204721Z0021-0;8;;RUE D'ISAAC;72000;LE MANS
PC07204721Z0021-2;49 BI;;RUE DE LA PIE;72250;BRETTE LES PINS
PC07204721Z0022-0;;;8, LA FERRIERE;72250;BRETTE LES PINS
PC07204721Z0022-2;8;;LA FERRIERE;72250;BRETTE LES PINS
PC07204721Z0023-0;;;17 RUE DES ECUREUILS;72250;BRETTE LES PINS
PC07204721Z0023-2;17;;RUE DES ECUREUILS;72250;BRETTE LES PINS
PC07204721Z0024-0;8;;RUE D'ISAAC;72000;LE MANS
PC07204721Z0024-2;;;RUE DE LA PIE;72250;BRETTE LES PINS
PC07205315P0004-0;2;ROUTE;DE CHATEAU DU LOIR;72250;CHALLES
PC07205315P0004-2;;;RUE LUCIEN CORBIN;72250;CHALLES
PC07205820Z001001-0;;RUE;DE BROGLIE;53810;CHANGE
PC07205820Z001001-2;;;LA CHENARDIERE;72560;CHANGE
PC07205820Z0013-0;;;1 PLACE DE LA MAIRIE;72560;CHANGE
PC07205820Z0013-2;7;RUE;DE L'EPAU;72560;CHANGE
PC07205821Z002701-0;23;RUE;DU BIGNON;72190;SARGE-LES-LE-MANS
PC07205821Z002701-2;63;ROUTE;DE L'EPAU;72560;CHANGE
PC07205821Z003001-0;20;ALLEE;ALAIN MIMOUN;72560;CHANGE
PC07205821Z003001-1;20;ALLEE;ALAIN MIMOUN;72560;CHANGE
PC07205821Z003001-2;;;'LOTISSEMENT DE LA CALIFOR;72560;CHANGE
PC07205821Z0041-0;8;RUE;D'ALLEMAGNE;72000;LE MANS
PC07205821Z0041-2;;;ROUTE DE BOIS MARTIN - LOT;72560;CHANGE
PC07205821Z0051-0;;LIEU-;LA JUSTICE;72560;CHANGE
PC07205821Z0051-1;1474;ROUTE;DE PARIGNE L'EVEQUE;72560;CHANGE
PC07205821Z0051-2;;LIEU-;LA JUSTICE;72560;CHANGE
PC07205821Z0052-0;53 te;RUE;D'YVRE L'EVEQUE;72560;CHANGE
PC07205821Z0052-1;53 TE;RUE;D'YVRE L'EVEQUE;72560;CHANGE
PC07205821Z0052-2;6;RUE;D'YVRE L'EVEQUE;72560;CHANGE
PC07205821Z0053-0;2350;ROUTE;DE ST ETIENNE DU NARAIS;72470;ST MARS LA BRIERE
PC07205821Z0053-2;6;;RUE JULES FERRY;72560;CHANGE
PC07205821Z0054-0;4;ROUTE;DE LA CHENARDIERE;72560;CHANGE
PC07205821Z0054-2;4;ROUTE;DE LA CHENARDIERE;72560;CHANGE
PC07205821Z0055-0;29;RUE;DU GRAND PIN;72560;CHANGE
PC07205821Z0055-2;7;RUE;ASSIA DJEBAR;72560;CHANGE
PC07205821Z0057-0;4;ALLEE;DE LA PETITE LANDRIERE;72560;CHANGE
PC07205821Z0057-2;4;ALLEE;DE LA PETITE LANDRIERE;72560;CHANGE
PC07205821Z0058-0;;;592 RTE DES EPINETTES, 1 L;72560;CHANGE
PC07205821Z0058-2;;;LES BIGOTTIERES;72560;CHANGE
PC07205821Z0059-0;33;RUE;MARIE LANGLAIS;72100;LE MANS
PC07205821Z0059-2;11;RUE;SIMONE VEIL;72560;CHANGE
PC07205821Z0063-0;143;ROUTE;DU PLESSIS;72220;ST GERVAIS EN BELIN
PC07205821Z0063-2;;;ROUTE DU TERTRE;72560;CHANGE
PC07205821Z0064-0;205;ROUTE;DU CARREFOUR;72560;CHANGE
PC07205821Z0064-2;205;;ROUTE DU CARREFOUR;72560;CHANGE
PC07205821Z0065-0;28;RUE;D'AGADIR;72000;LE MANS
PC07205821Z0065-1;28;RUE;D'AGADIR;72000;LE MANS
PC07205821Z0065-2;73 BI;ROUTE;DE BOIS MARTIN;72560;CHANGE
PC07205821Z0066-0;13;CHEMI;DES BARROIS;72450;LOMBRON
PC07205821Z0066-2;;;LOTISSEMENT 'DOMAINE DES P;72560;CHANGE
PC07208920Z000501-0;5;RUE;François Chancel;72240;CONLIE
PC07208920Z000501-1;5;RUE;François Chancel;72240;CONLIE
PC07208920Z000501-2;5;RUE;François Chancel;72240;CONLIE
PC07208920Z001301-0;9;RUE;des Jonquilles;72650;LA MILESSE
PC07208920Z001301-1;9;RUE;DES JONQUILLES;72650;LA MILESSE
PC07208920Z001301-2;24;RUE;DE LA FABRIQUE;72240;CONLIE
PC07208921Z0017-0;;;LE BOURNEUF;53300;SAINT FRAIMBAULT DES PIERRES
PC07208921Z0017-2;30;RUE;DE LA FABRIQUE;72240;CONLIE
PC07208921Z0018-0;4;ALLEE;DE LA BROSSE;72140;SILLE LE GUILLAUME
PC07208921Z0018-2;34;RUE;DE LA FABRIQUE;72240;CONLIE
PC07208921Z0021-0;4;ALLEE;DE LA BROSSE;72140;SILLÉ-LE-GUILLAUME
PC07208921Z0021-1;4;ALLEE;DE LA BROSSE;72140;SILLÉ-LE-GUILLAUME
PC07208921Z0021-2;34;RUE;DE LA FABRIQUE;72240;CONLIE
PC07208921Z0022-0;5;IMPAS;DE LA GARENNE;72240;CONLIE
PC07208921Z0022-1;5;IMPAS;DE LA GARENNE;72240;CONLIE
PC07208921Z0022-2;;CHEMI;DE FANEU;72240;CONLIE
PC07209021Z0007-0;;;205 ROUTE DES LANDES;72160;CONNERRE
PC07209021Z0007-2;205;;ROUTE DES LANDES;72160;CONNERRE
PC07209021Z0009-0;;;RUE DE LA JATTERIE, LA JEU;72160;CONNERRE
PC07209021Z0009-2;;;LES BOIS;72160;CONNERRE
PC07211921Z0200-0;52;ROUTE;DU BOIS ROGER;72650;LA MILESSE
PC07211921Z0200-2;;;LOTISSEMENT LE DOMAINE DES;72240;DOMFRONT EN CHAMPAGNE
PC07211921Z0203-0;;LIEU-;LE COUDRAY;72240;DOMFRONT-EN-CHAMPAGNE
PC07211921Z0203-2;;;LE COUDRAY;72240;DOMFRONT EN CHAMPAGNE
PC07212421Z0024-0;12;RUE;DE LA BROSSE;72220;ECOMMOY
PC07212421Z0024-2;16;RUE;DES DRYADES;72220;ECOMMOY
PC07212421Z0032-0;;LIEU-;LA MAISON NEUVE;72220;SAINT-BIEZ-EN-BELIN
PC07212421Z0032-2;;;ROUTE DE FONTENAILLES;72220;ECOMMOY
PC07212421Z0034-0;;LIEU-;LES GRANDS VIVIERS;72220;LAIGNE EN BELIN
PC07212421Z0034-2;;;PRE DU SOLEIL;72220;ECOMMOY
PC07212421Z0035-0;2;RUE;DU STADE;72230;MULSANNE
PC07212421Z0035-2;31;;ROUTE DES GUERINIERES;72220;ECOMMOY
PC07212421Z0039-0;15;CHEMI;DE LA PINELLE;72220;ECOMMOY
PC07212421Z0039-2;15;;CHEMIN DE LA PINELLE;72220;ECOMMOY
PC07212421Z0040-0;3;RUE;CLEMENT MAUDET;72220;SAINT MARS D'OUTILLE
PC07212421Z0040-1;20;AVENU;FRANCOIS MITERRAND;72230;MULSANNE
PC07212421Z0040-2;4;;RUE HENRI DESFORGES;72220;ECOMMOY
PC07212920Z0003-0;351;ROUTE;DE MONTFORT;72470;FATINES
PC07212920Z0003-2;;ROUTE;DE MONTFORT;72470;FATINES
PC07212920Z0010-0;41;CHEMI;DES REINETTES;72470;FATINES
PC07212920Z0010-2;;;LE PIGNON TORD;72470;FATINES
PC07212921Z0006-0;78;ALLEE;des Vinettes;72470;Fatines
PC07212921Z0006-2;78;ALLEE;Des Vinettes;72470;FATINES
PC07212921Z0008-0;3;RUE;ABEL CHARLEAU;72100;LE MANS
PC07212921Z0008-2;5;RUE;DES IFS;72470;FATINES
PC07212921Z0009-0;4;RUE;des noyers;72460;Saint corneille
PC07212921Z0009-2;9;RUE;DES IFS;72470;FATINES
PC07212921Z0010-0;2 Bis;RUE;de la pointe;72450;Montfort le Gesnois
PC07212921Z0010-2;3;RUE;DES IFS;72470;FATINES
PC07212921Z0011-0;2bis;RUE;de la madeleine;72650;La Bazoge
PC07212921Z0011-2;4;RUE;DES IFS;72470;FATINES
PC07212921Z001301-0;11;RUE;De Parence;72530;Yvré-l'Evêque
PC07212921Z001301-2;6;RUE;DES IFS;72470;FATINES
PC07212921Z0014-0;8;RUE;de Niki de Saint-Phale;72100;Le Mans
PC07212921Z0014-2;2;RUE;DES IFS;72470;FATINES
PC07212921Z0015-0;11;RUE;De L'Artois;72100;Le Mans
PC07212921Z0015-2;10;RUE;DES IFS;72470;FATINES
PC07212921Z0017-0;;;225 route DE MONTFORT;72470;FATINES
PC07212921Z0017-2;225;ROUTE;DE MONTFORT;72470;FATINES
PC07212921Z0018-0;7;ROUTE;DES LOUDONNEAUX;72470;SAINT MARS LA BRIERE
PC07212921Z0018-1;5;RUE;PAPIAU DE LA VERRIE;49000;ANGERS
PC07212921Z0018-2;13;RUE;DES IFS;72470;FATINES
PC07212921Z0020-0;;;75 route DE LA FROMENTINIE;72470;FATINES
PC07212921Z0020-2;75;;ROUTE DE LA FROMENTINIERE;72470;FATINES
PC07212921Z0021-0;9;;cité Maurice VASSEUR;72110;Saint-Cosme-en-Vairais
PC07212921Z0021-2;95;;ROUTE DE LA FOSSE;72470;FATINES
PC07212921Z0022-0;;;19 rue DES CHENES;72470;FATINES
PC07212921Z0022-2;19;;RUE DES CHENES;72470;FATINES
PC07214321Z0020-0;;;Le Breloquet;72150;SAINT-GEORGES-DE-LA-COUÉE
PC07214321Z0020-2;;LIEU-;LA RUELLE;72150;LE GRAND LUCE
PC07214321Z0022-0;;;Les Renaudières;72150;PRUILLE L'EGUILLE
PC07214321Z0022-2;2;;RUE DU HUIT MAI 1945;72150;LE GRAND LUCE
PC07214321Z0023-0;11;RUE;DE LA POINTE;72150;LE GRAND LUCE
PC07214321Z0023-2;;;LE CHAMP CLOS;72150;LE GRAND LUCE
PC07214321Z0024-0;;;La Grange de Rideaux;72150;LE GRAND-LUCÉ
PC07214321Z0024-2;;;RIDEAUX;72150;LE GRAND LUCE
PC07214321Z0025-0;2;;Rue Léon Aubert;72150;LE GRAND-LUCE
PC07214321Z0025-2;;;RUE ALEXANDRE MARTIN;72150;LE GRAND LUCE
PC07214521Z0002-0;;;LIEU-DIT LE PRESSOIR;72140;LE GREZ
PC07214521Z0002-2;;;LIEU-DIT LA HOUSARDIERE;72140;LE GREZ
PC07214721Z0009-0;25;RUE;des Chênes;72380;LA GUIERCHE
PC07214721Z0009-2;25;RUE;des Chênes;72380;LA GUIERCHE
PC07215521Z000301-0;20;ROUTE;DU PETIT ROUPERROUX;72220;ST GERVAIS EN BELIN
PC07215521Z000301-2;;;Lot 6 Lotissement 'le Four;72220;LAIGNE EN BELIN
PC07215521Z0016-0;4;RUE;DE TOURAINE;72220;SAINT GERVAIS EN BELIN
PC07215521Z0016-2;;;L ANGLICHERIE;72220;LAIGNE EN BELIN
PC07215521Z0024-0;160;ROUTE;DES AUGERAIES;72220;ST GERVAIS EN BELIN
PC07215521Z0024-2;56 Bi;RUE;DU COMTE;72220;LAIGNE EN BELIN
PC07215521Z0025-0;14;RUE;DE LA SAVOYARDE;72220;LAIGNE EN BELIN
PC07215521Z0025-2;14;;RUE DE LA SAVOYARDE;72220;LAIGNE EN BELIN
PC07215521Z0026-0;41;BOULE;GEORGES MELIES;72000;LE MANS
PC07215521Z0026-2;;RUE;PIECE DE LA FUIE;72220;LAIGNE EN BELIN
PC07215521Z0027-0;31;RUE;DE BEL AIR;72220;TELOCHE
PC07215521Z0027-2;1;;RUE DU GOBILLON;72220;LAIGNE EN BELIN
PC07215521Z0028-0;31;CHEMI;DE LA CREPINIERE;72470;SAINT-MARS-LA-BRIERE
PC07215521Z0028-2;20;;RUE DU CHANTELEUX;72220;LAIGNE EN BELIN
PC07215521Z0029-0;4;PLACE;DE LA CHANTERIE;72220;LAIGNE EN BELIN
PC07215521Z0029-2;4;;PLACE DE LA CHANTERIE;72220;LAIGNE EN BELIN
PC07215521Z0030-0;7 bis;RUE;DE MARIDORT;72220;LAIGNE EN BELIN
PC07215521Z0030-2;;;LA ROUILLEE;72220;LAIGNE EN BELIN
PC07216521Z0011-0;1057;ROUTE;DE SAINT CELERIN;72450;LOMBRON
PC07216521Z0011-2;1057;ROUTE;DE SAINT CELERIN;72450;LOMBRON
PC07216521Z0013-0;1231;ROUTE;DE LA CHAPELLE SAINT REMY;72450;LOMBRON
PC07216521Z0013-1;20;RUE;DES COËVRONS;72140;ROUESSE VASSE
PC07216521Z0013-2;1231;;ROUTE DE LA CHAPELLE SAINT;72450;LOMBRON
PC07216521Z0014-0;22;RUE;DE TORCE;72450;LOMBRON
PC07216521Z0014-2;22;;RUE DE TORCE;72450;LOMBRON
PC07216521Z0015-0;11;;RUELLE DE MONTCHEVEREAU;72450;LOMBRON
PC07216521Z0015-2;11;;RUELLE DE MONTCHEVEREAU;72450;LOMBRON
PC07218618Z0006-0;;;ZONE INDUSTRIELLE DES CLOS;45190;BEAUGENCY
PC07218618Z0006-2;;;ZONE D'ACTIVITES MAINE ECO;72170;MARESCHE
PC07218621Z0002-0;14;ROUTE;DE BELEVENT;72170;MARESCHE
PC07218621Z0002-2;14;ROUTE;DE BELEVENT;72170;MARESCHE
PC07218621Z0003-0;12;IMPAS;DE LA COULÉE;72380;MONTBIZOT
PC07218621Z0003-2;;RUE;DE LA FUIE;72170;MARESCHE
PC07218721Z0007-0;;;LES VAUGEONS;72220;ECOMMOY
PC07218721Z0007-2;;;8 RUE DE LA PIECE DU BOURG;72220;MARIGNE LAILLE
PC07220021Z0003-0;1;ROUTE;de Laigné;72230;MONCÉ EN BELIN
PC07220021Z0003-2;1;;ROUTE DE LAIGNE EN BELIN;72230;MONCE EN BELIN
PC07220021Z001301-0;16;RUE;DE LA VALLÉE;72230;ARNAGE
PC07220021Z001301-2;1BIS;ROUTE;DES BOIS;72230;MONCE EN BELIN
PC07220021Z0016-0;10;RUE;DU BOSSUET;72000;LE MANS
PC07220021Z0016-2;14;BOULE;DES AVOCATS;72230;MONCE EN BELIN
PC07220021Z0017-0;4;RUE;Altaïr;72230;MONCE EN BELIN
PC07220021Z0017-2;18;;RUE JEAN FOUASSIER;72230;MONCE EN BELIN
PC07220021Z0018-0;4;RUE;Altaïr;72230;MONCE EN BELIN
PC07220021Z0018-2;18;;RUE JEAN FOUASSIER;72230;MONCE EN BELIN
PC07220021Z0022-0;15;ROUTE;DE LAIGNE;72230;MONCE EN BELIN
PC07220021Z0022-2;;;SAPINIERE DE LA CROIX BIGN;72230;MONCE EN BELIN
PC07220021Z0023-2;11;;ROUTE DE MULSANNE;72230;MONCE EN BELIN
PC07220021Z0024-0;8;RUE;DU PETIT PONT;72230;MONCE EN BELIN
PC07220021Z0024-2;;;LE CALVAIRE;72230;MONCE EN BELIN
PC07220521Z000501-0;3;;Hameau des Brosses;72380;MONTBIZOT
PC07220521Z000501-2;3;;Hameau des Brosses;72380;MONTBIZOT
PC07220521Z0013-0;9;;rue des Croix de Montigné;72380;MONTBIZOT
PC07220521Z0013-2;9;;rue des Croix de Montigné;72380;MONTBIZOT
PC07220521Z0015-0;16;;rue du Pré Sainfoin;72380;SAINT JEAN D'ASSÉ
PC07220521Z0015-2;1;;rue de la Sarthe;72380;MONTBIZOT
PC07220521Z0016-0;3;;rue du Maréchal Leclerc;72380;MONTBIZOT
PC07220521Z0016-2;3;;rue du Maréchal Leclerc;72380;MONTBIZOT
PC07220521Z0017-0;3;;rue d'Antoigné;72380;MONTBIZOT
PC07220521Z0017-2;3;;rue d'Antoigné;72380;MONTBIZOT
PC07220521Z0018-0;8;;impasse des Fondeurs;72380;MONBIZOT
PC07220521Z0018-2;;;LA LUZERNE;72380;MONTBIZOT
PC07221221Z0001-2;;LIEU-;LE ROCHER;72130;MOULINS LE CARBONNEL
PC07221221Z0003-2;;;LES TROTTINIERES;72130;MOULINS LE CARBONNEL
PC07221221Z0005-2;;;LES AUNAYS;72130;MOULINS LE CARBONNEL
PC07221721Z0010-0;;LIEU-;Les Postières;72190;Neuville-sur-Sarthe
PC07221721Z0010-2;24;;ter Rue Principale - La Tr;72190;NEUVILLE SUR SARTHE
PC07221721Z0011-0;29;RUE;du Faubourg Montmartre;75009;PARIS
PC07221721Z0011-2;;;Les Roussardières;72190;NEUVILLE SUR SARTHE
PC07221721Z0013-0;15;ROUTE;DE BLANDANT;72190;NEUVILLE SUR SARTHE
PC07221721Z0013-2;;;BLANDANT;72190;NEUVILLE SUR SARTHE
PC07221721Z0014-0;9;RUE;SAINT BARTHELEMY;72460;SAVIGNE L EVEQUE
PC07221721Z0014-2;5;RUE;DU CHAMP BURETTE;72190;NEUVILLE SUR SARTHE
PC07221721Z0015-0;04;ALLEE;ALLEE DU COURTY;72190;NEUVILLE-SUR-SARTHE
PC07221721Z0015-2;4;ALLEE;ALLEE DU COURTY;72190;NEUVILLE SUR SARTHE
PC07221721Z0017-0;9;RUE;SAINT BARTHELEMY;72460;SAVIGNE L EVEQUE
PC07221721Z0017-2;5;;RUE DU CHAMP BURETTE;72190;NEUVILLE SUR SARTHE
PC07221721Z0018-0;11;CHEMI;D'AILLANDES;72190;NEUVILLE SUR SARTHE
PC07221721Z0018-2;11;;CHEMIN D AILLANDE;72190;NEUVILLE SUR SARTHE
PC07221721Z0019-0;15;ROUTE;DE BLANDAN;72190;NEUVILLE SUR SARTHE
PC07221721Z0019-2;;;CHAUVEAU;72190;NEUVILLE SUR SARTHE
PC07221821Z1315-0;2;LIEU-;LE BAS DE LA LANDE;72140;NEUVILLETTE EN CHARNIE
PC07221821Z1315-2;2;LIEU-;LE BAS DE LA LANDE;72140;NEUVILLETTE EN CHARNIE
PC07221921Z0003-0;3;RUE;de la Moqueterie;72240;Bernay-Neuvy-en-Champagne
PC07221921Z0003-2;;;LE CLOTEAU NEUVY;72240;BERNAY NEUVY EN CHAMPAGNE
PC07221921Z0006-0;4;RUE;de Loué;72240;Bernay-Neuvy-en-Champagne
PC07221921Z0006-1;4;RUE;de Loué;72240;Bernay-Neuvy-en-Champagne
PC07221921Z0006-2;4;;Rue de Loué;72240;BERNAY NEUVY EN CHAMPAGNE
PC07223118Z002901-0;;;LA REMOULIERE;72150;LE GRAND-LUCE
PC07223118Z002901-2;;;LA PIECE DE L'AUNAY;72250;PARIGNE L'EVEQUE
PC07223120Z000802-0;51;AVENU;ABEL TIRAND;72250;PARIGNE L'EVEQUE
PC07223120Z000802-2;92;AVENU;GALLOUEDEC;72250;PARIGNE L'EVEQUE
PC07223121Z0021-0;;;LE GENNEBRAIS;72250;PARIGNE L'EVEQUE
PC07223121Z0021-2;;;LE GENNEBRAIS;72250;PARIGNE L'EVEQUE
PC07223121Z002201-0;25;;LOTISSEMENT LE VIGNEAU;72250;PARIGNE L'EVEQUE
PC07223121Z002201-2;25;;LOTISSEMENT DU VIGNEAU;72250;PARIGNE L'EVEQUE
PC07223121Z0025-0;;;LE PATIS;72230;RUAUDIN
PC07223121Z0025-2;;;LOTISSEMENT LES HAUTS DE L;72250;PARIGNE L'EVEQUE
PC07223121Z0026-0;;;LE PATIS;72230;RUAUDIN
PC07223121Z0026-2;;;LOTISSEMENT LES HAUTS DE L;72250;PARIGNE L'EVEQUE
PC07223121Z0027-0;;;LE PATIS;72230;RUAUDIN
PC07223121Z0027-2;;;LOTISSEMENT LES HAUTS DE L;72250;PARIGNE L'EVEQUE
PC07223121Z0028-0;;;LE PATIS;72230;RUAUDIN
PC07223121Z0028-2;;;LOTISSEMENT LES HAUTS DE L;72250;PARIGNE L'EVEQUE
PC07223121Z0029-0;;;LE PATIS;72230;RUAUDIN
PC07223121Z0029-2;;;LOTISSEMENT LES HAUTS DE L;72250;PARIGNE L'EVEQUE
PC07223121Z0030-0;;;LE PATIS;72230;RUAUDIN
PC07223121Z0030-2;;;LOTISSEMENT LES HAUTS DE L;72250;PARIGNE L'EVEQUE
PC07223121Z0031-0;;;LE PATIS;72230;RUAUDIN
PC07223121Z0031-2;;;LOTISSEMENT LES HAUTS DE L;72250;PARIGNE L'EVEQUE
PC07223121Z0032-0;;;LE PATIS;72230;RUAUDIN
PC07223121Z0032-2;;;LOTISSEMENT LES HAUTS DE L;72250;PARIGNE L'EVEQUE
PC07223121Z0033-0;;;LE PATIS;72230;RUAUDIN
PC07223121Z0033-2;;;LOTISSEMENT LES HAUTS DE L;72250;PARIGNE L'EVEQUE
PC07223121Z0034-0;;;LE PATIS;72230;RUAUDIN
PC07223121Z0034-2;;;LOTISSEMENT LES HAUTS DE L;72250;PARIGNE L'EVEQUE
PC07223121Z0035-0;;;LE PATIS;72230;RUAUDIN
PC07223121Z0035-2;;;LOTISSEMENT LES HAUTS DE L;72250;PARIGNE L'EVEQUE
PC07223121Z0036-0;2;ROUTE;D'ECORPAIN  LE PETIT FAT;72120;SAINTE-CEROTTE
PC07223121Z0036-2;;;LOTISSEMENT LES GENETS II;72250;PARIGNE L'EVEQUE
PC07223121Z0038-0;11;ALLEE;DES MANDOLINES;72250;PARIGNE L'EVEQUE
PC07223121Z0038-2;;;LES GUEMARDIERES;72250;PARIGNE L'EVEQUE
PC07223121Z0039-0;;;LES GRAFFARDIERES;72150;PRUILLE L'EGUILLE
PC07223121Z0039-2;;;ALLEE DU CORMIER;72250;PARIGNE L'EVEQUE
PC07223121Z0040-0;13;ALLEE;DES CHATAIGNIERS;72250;PARIGNE L'EVEQUE
PC07223121Z0040-2;13;;ALLÉE DES CHATAIGNIERS;72250;PARIGNE L'EVEQUE
PC07223121Z0041-0;52;ROUTE;DE REUGNY;37380;MONNAIE
PC07223121Z0041-2;;AVENU;GALLOUEDEC;72250;PARIGNE L'EVEQUE
PC07223121Z0044-0;12;ROUTE;DE FONTENAY;72560;
PC07223121Z0044-2;;;Lot n°13 lotissement Coeu;72250;PARIGNE L'EVEQUE
PC07223121Z0047-0;1;ALLEE;DU PRE DE LA MARIE;72250;PARIGNE L'EVEQUE
PC07223121Z0047-2;;;LOT 9 - LOTISSEMENT COEUR;72250;PARIGNE L'EVEQUE
PC07223121Z0048-0;7;IMPAS;DES ROSSIGNOLS;72230;MULSANNE
PC07223121Z0048-2;;ROUTE;DE LA COUTURE;72250;PARIGNE L'EVEQUE
PC07223421Z1177-0;8;RUE;DE LA GARE;72140;PEZE-LE-ROBERT
PC07223421Z1177-2;7;RUE;DU 11 AOUT 1944;72140;PEZE LE ROBERT
PC07224120Z000401-0;4;;IMPASSE DES 4 VENTS;72160;LA CHAPELLE SAINT REMY
PC07224120Z000401-2;;LIEU-;CHAMPS DU DRU;72450;MONTFORT-LE-GESNOIS
PC07224121Z0015-0;;LIEU-;CHAMPS DU CORMIER;72450;MONTFORT LE GESNOIS
PC07224121Z0015-2;;LIEU-;LE CORMIER;;MONTFORT-LE-GESNOIS
PC07224121Z0016-0;1;RUE;DU PATIS;72450;MONTFORT LE GESNOIS
PC07224121Z0016-2;12;;rue de la Croix Blanche;72450;MONTFORT-LE-GESNOIS
PC07224121Z0020-0;7;;CHEMIN DU PRESSOIR;72450;MONTFORT LE GESNOIS
PC07224121Z0020-2;;;CHEMIN DE LA ROUVRAIE;72450;MONTFORT-LE-GESNOIS
PC07224121Z0021-0;29;;RUE DE TORCE;72450;LOMBRON
PC07224121Z0021-2;;;CHAMP DU DRU;72450;MONTFORT-LE-GESNOIS
PC07224121Z0022-0;75ter;;ROUTE DE CONNERRE;72450;MONTFORT-LE-GESNOIS
PC07224121Z0022-2;28 te;;ROUTE DE CONNERRE;72450;MONTFORT-LE-GESNOIS
PC07224921Z0009-0;3;RUE;du commandant Salle;72240;LAVARDIN
PC07224921Z0009-1;3;RUE;du Commandant Salle;72240;LAVARDIN
PC07224921Z0009-2;10;RUE;DES LILAS;72550;LA QUINTE
PC07224921Z0010-0;12;RUE;DE LA MARIETTE;72000;LE MANS
PC07224921Z0010-2;7;RUE;DES CORMIERS;72550;LA QUINTE
PC07224921Z0013-0;59;RUE;DE L'ANTONNIERE;72650;SAINT SATURNIN
PC07224921Z0013-2;9;RUE;DES LILAS;72550;LA QUINTE
PC07224921Z0014-0;47;RUE;DE LA CHERENCE;72550;COULANS-SUR-GEE
PC07224921Z0014-1;47;RUE;DE LA CHERENCE;72550;COULANS SUR GEE
PC07224921Z0014-2;11;RUE;DES LILAS - LOTISSEMENT LE;72550;LA QUINTE
PC07224921Z0015-0;12;RUE;DE LA MARIETTE;72000;LE MANS
PC07224921Z0015-1;12;RUE;DE LA MARIETTE;72000;LE MANS
PC07224921Z0015-2;7;RUE;DES CORMIERS;72550;LA QUINTE
PC07224921Z0016-0;5;ALLEE;DES CEPAGES;72550;FAY
PC07224921Z0016-2;5;RUE;DES SAULES;72550;LA QUINTE
PC07224921Z0017-0;47;RUE;de Chérancé;72550;COULANS SUR GEE
PC07224921Z0017-1;47;RUE;de Chérancé;72550;Coulans-sur-Gée
PC07224921Z0017-2;11;RUE;des Lilas;72550;LA QUINTE
PC07225421Z0003-0;27;RUE;MARECHAL LECLERC;72610;ROUESSE FONTAINE
PC07225421Z0003-2;;;RUE DU GENERAL LECLERC;72610;ROUESSE FONTAINE
PC07227120Z0002-2;;;LE CHAMP DES RUELLES;72110;SAINT CELERIN LE GERE
PC07227121Z0010-0;6;RUE;de Sillé le Philippe;72110;SAINT CELERIN
PC07227121Z0010-2;6;;RUE DE SILLE LE PHILIPPE;72110;SAINT CELERIN LE GERE
PC07227121Z0011-0;;;400 route DE SILLE LE PHIL;72110;SAINT CELERIN
PC07227121Z0011-2;400;;ROUTE DE SILLE LE PHILIPPE;72110;SAINT CELERIN LE GERE
PC07227121Z0013-0;2;;Lotissement des Bleuets du;72110;saint celeirn
PC07227121Z0013-2;;;LE CHAMP DE LA GARENNE;72110;SAINT CELERIN LE GERE
PC07227521Z0008-0;77;RUE;MARCEL DASSAULT;92100;BOULOGNE-BILLANCOURT
PC07227521Z0008-2;;LIEU-;LA PAUMERIE;72460;SAINT-CORNEILLE
PC07227521Z0009-0;6 BIS;ROUTE;DE L'ESPÉRANCE;72460;SAINT-CORNEILLE
PC07227521Z0009-2;6 BIS;ROUTE;DE L'ESPÉRANCE;72460;SAINT-CORNEILLE
PC07227521Z0010-0;69;;GRANDE RUE;72460;SAINT-CORNEILLE
PC07227521Z0010-2;69;;GRANDE RUE;72460;SAINT-CORNEILLE
PC07227521Z0011-0;;LIEU-;LE FROMENTIN;72460;SAINT-CORNEILLE
PC07227521Z0011-2;;LIEU-;LE FROMENTIN;72460;SAINT-CORNEILLE
PC07227521Z0012-0;6;RUE;DES IRIS;72460;SAINT-CORNEILLE
PC07227521Z0012-2;2;RUE;NEUVE;72460;SAINT-CORNEILLE
PC07228720Z208101-0;96;AVENU;DU DOCTEUR JEAN MAC;72100;LE MANS
PC07228720Z208101-2;;;ROUTE DE FROMENTEAU;72220;SAINT GERVAIS EN BELIN
PC07228721Z2093-0;14;RUE;DE COPERNIC;72100;LE MANS
PC07228721Z2093-2;72R;ROUTE;DE FROMENTEAU;72220;SAINT GERVAIS EN BELIN
PC07228721Z2098-0;138;ROUTE;DES AUGERAIES;72220;SAINT GERVAIS EN BELIN
PC07228721Z2098-2;138;ROUTE;DES AUGERAIES;72220;SAINT GERVAIS EN BELIN
PC07228721Z2099-0;158;ROUTE;DES AUGERAIES;72220;SAINT GERVAIS EN BELIN
PC07228721Z2099-2;158;;ROUTE DES AUGERAIES;72220;SAINT GERVAIS EN BELIN
PC07228721Z2101-0;67;ROUTE;DES HAIES;72220;SAINT GERVAIS EN BELIN
PC07228721Z2101-2;67;;ROUTE DES HAIES;72220;SAINT GERVAIS EN BELIN
PC07228721Z2105-0;1;RUE;DE PICARDIE;72220;SAINT GERVAIS EN BELIN
PC07228721Z2106-0;138;ROUTE;DES AUGERAIES;72220;SAINT GERVAIS EN BELIN
PC07228721Z2106-2;138;ROUTE;DES AUGERAIES;72220;SAINT GERVAIS EN BELIN
PC07228721Z2107-0;62B;ROUTE;DU PLESSIS;72220;SAINT GERVAIS EN BELIN
PC07228721Z2107-2;62B;;ROUTE DU PLESSIS;72220;SAINT GERVAIS EN BELIN
PC07228721Z2108-0;158;ROUTE;DES AUGERAIES;72220;SAINT GERVAIS EN BELIN
PC07228721Z2108-2;158;;ROUTE DES AUGERAIES;72220;SAINT GERVAIS EN BELIN
PC07228721Z2110-0;2;RUE;DES LILAS;72000;LE MANS
PC07228721Z2110-2;62;;ROUTE DU PLESSIS;72220;SAINT GERVAIS EN BELIN
PC07228921Z0010-0;13;RUE;de St Ouen;72650;LA MILESSE
PC07228921Z0010-2;27bis;RUE;de verdun;72380;SAINTE JAMME SUR SARTHE
PC07228921Z0011-2;;RUE;LA GROIE - LOTISSEMENT 34;72380;SAINTE JAMME SUR SARTHE
PC07228921Z0013-0;;;PAR MME MONIQUE VEAU, 12 B;72380;SAINTE JAMME SUR SARTHE
PC07228921Z0013-2;;;ANTOIGNE;72380;SAINTE JAMME SUR SARTHE
PC07228921Z0015-0;19;RUE;du panorama;72380;SAINT JEAN D'ASSE
PC07228921Z0015-2;;;LA GROIE - LOTISSEMENT 34;72380;SAINTE JAMME SUR SARTHE
PC07228921Z0016-0;;;Les Feltières;72380;SAINT JEAN D'ASSÉ
PC07228921Z0016-2;3;RUE;Des bégonias;72380;SAINTE JAMME SUR SARTHE
PC07229021Z1839-0;;;LA GRANDE GEMERIE;72380;SAINT JEAN D'ASSE
PC07229021Z1839-2;;;LA GRANDE GEMERIE;72380;SAINT JEAN D'ASSE
PC07229021Z1845-0;1;RUE;DE LA CROIX BLANCHE;72380;SAINT JEAN D'ASSE
PC07229021Z1845-2;;;LA CROIX VALLIENNE;72380;SAINT JEAN D'ASSE
PC07229021Z1846-0;;;LE CHAMPS DU CARREFOUR;72380;SAINT JEAN D'ASSE
PC07229021Z1846-2;;;CHAMP DU CARREFOUR;72380;SAINT JEAN D'ASSE
PC07229421Z000201-0;;;8 RUE DU GASSEAU;72130;SAINT LEONARD DES BOIS
PC07229421Z000201-2;8;;ROUTE DU GASSEAU;72130;SAINT LEONARD DES BOIS
PC07229721Z0002-0;15;RUE;AUVRAY;72000;LE MANS
PC07229721Z0002-1;15;RUE;Auvray;72000;LE MANS
PC07229721Z0002-2;;;LE VIGNARD;72170;SAINT MARCEAU
PC07229721Z0003-0;;;LA JOUVINIERE;72170;LE TRONCHET
PC07229721Z0003-2;;;GRAND PRE DES FORGES;72170;SAINT MARCEAU
PC07229721Z0004-0;13;ROUTE;DE MARESCHE;72170;SAINT-MARCEAU
PC07229721Z0004-1;8;RUE;Fremont;76130;MONT SAINT AIGNAN
PC07229721Z0004-2;;;L EPINAY;72170;SAINT MARCEAU
PC07229920Z0023-0;6;;AVENUE DE TOULOUSE;72000;LE MANS
PC07229920Z0023-2;;;LA PELOUSE;72220;SAINT MARS D'OUTILLE
PC07229921Z0020-0;;;LE PERRAY;72250;CHALLES
PC07229921Z0020-2;;;CHAMP DU SABLON  LOT 1;72220;SAINT MARS D'OUTILLE
PC07229921Z0021-0;79;;RESIDENCE DES TAILLIS;72250;PARIGNE L'EVEQUE
PC07229921Z0021-2;15;;ROUTE DE LA GRASSINIERE;72220;SAINT MARS D'OUTILLE
PC07229921Z0022-0;1994;;ROUTE DES PLOUZIERES;72560;CHANGE
PC07229921Z0022-2;8;;RUE CLEMENT MAUDET;72220;SAINT MARS D'OUTILLE
PC07230021Z0010-0;625;ROUTE;de la Chesnaie;72470;SAINT-MARS-LA-BRIERE
PC07230021Z0010-2;625;ROUTE;de la Chesnaie;72470;SAINT MARS LA BRIERE
PC07230021Z0012-0;4823;ROUTE;des Loudonneaux;72470;SAINT-MARS-LA-BRIERE
PC07230021Z0012-2;4823;ROUTE;Des Loudonneaux;72470;SAINT MARS LA BRIERE
PC07230321Z0003-0;3;;La Borde Trudeau;72440;Saint-Michel-de-Chavaignes
PC07230321Z0003-2;3;;La Borde Trudeau;72440;SAINT MICHEL DE CHAVAIGNES
PC07230321Z0004-0;;LIEU-;LE CHAMP DU BROUSSIL;72440;SAINT MICHEL DE CHAVAIGNES
PC07230321Z0004-2;;LIEU-;LE CHAMP DU BROUSSIL;72440;SAINT MICHEL DE CHAVAIGNES
PC07230521Z0004-0;7;RUE;DES PATURES;72130;SAINT OUEN DE MIMBRE
PC07230521Z0004-2;7;RUE;DES PATURES;72130;SAINT OUEN DE MIMBRE
PC07230521Z0008-0;7;;PASSAGE DU LAVOIR;72130;SAINT OUEN DE MIMBRE
PC07230521Z0008-2;16;;RUE DU GUE;72130;SAINT OUEN DE MIMBRE
PC07230621Z0011-0;17;ROUTE;DE CHATEAU L HERMITAGE;72220;SAINT OUEN EN BELIN
PC07230621Z0011-2;17;ROUTE;DE CHATEAU L'HERMITAGE;72220;SAINT OUEN EN BELIN
PC07230921Z0002-1;2;LIEU-;LE ROUSSELET;72130;SAINT PAUL LE GAULTIER
PC07230921Z0002-2;;;LE ROUSSELET;72130;SAINT PAUL LE GAULTIER
PC07230921Z0006-0;26;RUE;de Villaines-la-Juhel;72130;SAINT PAUL-LE-GAULTIER
PC07230921Z0006-1;20;PLACE;du Centre;22340;LOCARN
PC07230921Z0006-2;;;LA MERE DIEU;72130;SAINT PAUL LE GAULTIER
PC07231021Z0009-0;10;ROUTE;de Bougeance;72190;SAINT-PAVACE
PC07231021Z0009-2;10;;ROUTE DE BOUGEANCE;72190;SAINT PAVACE
PC07231021Z0011-0;2;ALLEE;DU PETIT VIGNARD;72190;SAINT PAVACE
PC07231021Z0011-2;3;IMPAS;DES CHAMPS;72190;SAINT PAVACE
PC07231021Z0012-0;;;35 rue DE LA RIVIERE;72190;SAINT PAVACE
PC07231021Z0012-2;35;;RUE DE LA RIVIERE;72190;SAINT PAVACE
PC07231021Z0013-0;2;RUE;DU TAILLIS;72000;LE MANS
PC07231021Z0013-2;16;ROUTE;DE LA GUIERCHE;72190;SAINT PAVACE
PC07231521Z0004-0;15;RUE;DES CHATAIGNIERS;72140;SAINT REMY DE SILLE
PC07231521Z0004-2;7;;ZA DES JARDINIERS;72140;SAINT REMY DE SILLE
PC07231521Z0007-0;12 BI;ROUTE;DU MANS;72140;SAINT REMY DE SILLE
PC07231521Z0007-1;12 BI;ROUTE;DU MANS;72140;SAINT REMY DE SILLE
PC07231521Z0007-2;0007;;RUE DES TILLEULS;;SAINT REMY DE SILLE
PC07232121Z0005-0;5;IMPAS;DU PRE LONG;72240;SAINT-SYMPHORINE
PC07232121Z0005-1;;RUE;DE LA TANNERIE;72540;EPINEU LE CHEVREUIL
PC07232121Z0005-2;5;;IMPASSE DU PRE LONG;72240;SAINT SYMPHORIEN
PC07232121Z0006-0;;;LE MONT PORCHER;72240;SAINT-SYMPHORIEN
PC07232121Z0006-2;;;LE MONT PORCHER;72240;SAINT SYMPHORIEN
PC07232921Z0019-0;;;17 RUE DES CHARDONS;72460;SAVIGNE L'EVEQUE
PC07232921Z0019-2;17;RUE;DES CHARDONS;72460;SAVIGNÉ-L'ÉVÊQUE
PC07232921Z0032-0;;;20 CHEMIN DU FEU;72460;SAVIGNE L'EVEQUE
PC07232921Z0032-2;;;6 RUE JOSEPHINE BAKER -LOT;72460;SAVIGNÉ-L'ÉVÊQUE
PC07232921Z0034-0;;;7 RUE DES CHAMPS;72230;ARNAGE
PC07232921Z0034-2;;;8 RUE GISELE HALIMI - LOT;72460;SAVIGNÉ-L'ÉVÊQUE
PC07232921Z0035-0;78;RUE;DE BONNETABLE;72000;LE MANS
PC07232921Z0035-2;18;RUE;JOSEPHINE BAKER;72460;SAVIGNÉ-L'ÉVÊQUE
PC07232921Z0036-0;10;;RUE DE MORTEVEILLE;72460;SAVIGNE-L'EVEQUE
PC07232921Z0036-2;;;LES TERTRES;;SAVIGNÉ-L'ÉVÊQUE
PC07232921Z0037-0;52;;grande rue;72460;saint corneille
PC07232921Z0037-1;52;;GRANDE RUE;72460;SAINT CORNEILLE
PC07232921Z0037-2;10;;RUE GISELE HALIMI;72460;SAVIGNÉ-L'ÉVÊQUE
PC07232921Z0039-0;8;;RUE DE MORTEVEILLE;72460;SAVIGNE-L'EVEQUE
PC07232921Z0039-2;1;;CHEMIN DE NUYET;72460;SAVIGNÉ-L'ÉVÊQUE
PC07232921Z0040-0;;;LES ROSEAUX;72460;SAVIGNE-L'EVEQUE
PC07232921Z0040-2;33;;RUE DIVISION LECLERC;72460;SAVIGNÉ-L'ÉVÊQUE
PC07232921Z0041-0;32;;RUE DE LA SOLITUDE;72000;LE MANS
PC07232921Z0041-2;24;;RUE JOSEPHINE BAKER;72460;SAVIGNÉ-L'ÉVÊQUE
PC07232921Z0042-0;16;;PLACE D'ARMES;72110;BONNETABLE
PC07232921Z0042-2;8;;RUE JOSEPHINE BAKER;72460;SAVIGNÉ-L'ÉVÊQUE
PC07232921Z0043-0;;;9 ROUTE DE MADOREAU;85520;JARD SUR MER
PC07232921Z0043-2;;;10 RUE JOSEPHINE BAKER;72460;SAVIGNÉ-L'ÉVÊQUE
PC07232921Z0044-0;;;10 RUE DES JONQUILLES;72460;SAINT CORNEILLE
PC07232921Z0044-2;9;;CHEMIN DE NUYET;72460;SAVIGNÉ-L'ÉVÊQUE
PC07232921Z0045-0;;;62 RUE DE PARENCE;72530;YVRE L'EVEQUE
PC07232921Z0045-2;;;6 RUE MARIE CURIE;72460;SAVIGNÉ-L'ÉVÊQUE
PC07233420Z0001-0;;;La Behardière;53150;BREE
PC07233420Z0001-2;1209;ROUTE;ROUTE DE SILLE PLAGE;;SILLE LE GUILLAUME
PC07233421Z0004-0;3;ALLEE;DE LA BROSSE;72140;SILLE LE GUILLAUME
PC07233421Z0004-2;3;ALLEE;DE LA BROSSE;72140;SILLE LE GUILLAUME
PC07233421Z0005-0;;;La Chollerie;72140;PARENNES
PC07233421Z0005-2;17;;RUE DE SABLE;72140;SILLE LE GUILLAUME
PC07233421Z0008-0;5;;GRANDE RUE;72140;SILLE LE GUILLAUME
PC07233421Z0008-2;5;;GRANDE RUE;72140;SILLE LE GUILLAUME
PC07233421Z0009-0;1;ALLEE;de la Petite Landrière;72560;CHANGÉ
PC07233421Z0009-2;17 BI;RUE;DE SABLÉ;72140;SILLE LE GUILLAUME
PC07233521Z0010-0;;;Le Petit Mortier Charmant;72460;SILLE LE PHILIPPE
PC07233521Z0010-2;;;Le Petit Mortier Charmant;72460;SILLÉ LE PHILIPPE
PC07233521Z0011-0;18;RUE;de la Liberté;72460;SILLE LE PHILIPPE
PC07233521Z0011-2;18;;RUE DE LA LIBERTE;;SILLÉ LE PHILIPPE
PC07233721Z0004-0;11;RUE;DES CYTISES;72130;SOUGE LE GANELON
PC07233721Z0004-2;11;;RUE DES CYTISES;72130;SOUGE LE GANELON
PC07233821Z0006-0;6;RUE;MARTFELD;72650;LA BAZOGE
PC07233821Z0006-2;2;;CHAMP LONG;72380;SOUILLE
PC07233821Z0007-0;;;10 LE CHAMP DE DEVANT;72380;SOUILLE
PC07233821Z0007-2;10;;LE CHAMP DE DEVANT;72380;SOUILLE
PC07234021Z0015-0;15;ROUTE;des Chapuisières;72380;JOUÉ-L'ABBÉ
PC07234021Z0015-2;9;RUE;LOUIS-RAPHAEL DU MESNIL;72290;SOULIGNÉ-SOUS-BALLON
PC07234021Z0016-0;42;RUE;du Général de Gaulle;72260;MAROLLES-LES-BRAULTS
PC07234021Z0016-2;13;ROUTE;DES CRETES;72290;SOULIGNE SOUS BALLON
PC07234121Z0002-0;;;tesse;72370;SOULITRÉ
PC07234121Z0002-2;;;CHAMP DE LA GRANDE ALLEE;72370;SOULITRÉ
PC07234121Z0003-0;;;9 ROUTE DU BREIL;72370;SOULITRE
PC07234121Z0003-2;9;ROUTE;DU BREIL;72370;SOULITRÉ
PC07234121Z0005-0;5;ROUTE;DU BREIL;72370;LE BREIL SUR MERIZE
PC07234121Z0005-2;5;ROUTE;DU BREIL;72370;SOULITRÉ
PC07234121Z0006-0;;LIEU-;La Bohardière St Laurent;49290;MAUGES SUR LOIRE
PC07234121Z0006-2;;;LA SAPINIERE;72370;SOULITRÉ
PC07234121Z0007-0;;LIEU-;LES SABLONS;72370;SOULITRÉ
PC07234121Z0007-2;;;LES SABLONS;72370;SOULITRÉ
PC07235020Z0021-0;;LIEU-;LA HOULBARDIERE;72220;TELOCHE
PC07235020Z0021-2;;;LA HOULBERDIERE;72220;TELOCHE
PC07235021Z0013-0;13;RUE;PAUL MEYAN;78510;TRIEL SUR SEINE
PC07235021Z0013-2;10;CHEMI;DE LA ROCHE;72220;TELOCHE
PC07235021Z0014-2;10;CHEMI;DE LA ROCHE;72220;TELOCHE
PC07235021Z0034-0;15;RUE;DU 8 MAI;72220;TELOCHE
PC07235021Z0034-2;;;PLACE DES OLYMPIADES;72220;TELOCHE
PC07235021Z0035-0;5;RUE;DE PIED SEC;72100;LE MANS
PC07235021Z0035-2;16;RUE;DES BLEUETS;72220;TELOCHE
PC07235021Z0036-0;4;RUE;PIERRE MENDES FRANCE;72230;MULSANNE
PC07235021Z0036-2;13;RUE;DES BLEUETS;72220;TELOCHE
PC07235021Z0037-0;12;ALLEE;DES LORIOTS;72560;CHANGE
PC07235021Z0037-2;40;RUE;DES BLEUETS;72220;TELOCHE
PC07235021Z0040-0;21;BOULE;PIERRE LEFAUCHEUX;72000;LE MANS
PC07235021Z0040-2;17;RUE;DES BLEUETS;72220;TELOCHE
PC07235021Z0043-0;8C;RUE;DU PRIEURE;72220;TELOCHE
PC07235021Z0043-2;8;;RUE DU PRIEURE;72220;TELOCHE
PC07235021Z0044-0;87;RUE;DES CHARMES;72100;LE MANS
PC07235021Z0044-2;3;RUE;DES BLEUETS;72220;TELOCHE
PC07235121Z0001-2;;;LE CHAMP LONG;72240;TENNIE
PC07235121Z0003-0;16;IMPAS;DES NOISETIERS;72540;LOUE
PC07235121Z0003-2;;LIEU-;lot 6 lotissement de La Vi;72240;TENNIE
PC07235121Z0004-0;;;LE BAS PRIEURE;72240;TENNIE
PC07235121Z0004-2;;;LOTISSEMENT DE LA VIGNE LO;72240;TENNIE
PC07235121Z0005-0;;;LA PAQUERIE;72240;TENNIE
PC07235121Z0005-1;;;LA PAQUERIE;72240;TENNIE
PC07235121Z0005-2;;;LA PAQUERIE;72240;TENNIE
PC07235121Z0006-0;;;Bresteau;72240;TENNIE
PC07235121Z0006-1;;;EARL BRESTEAU;72240;TENNIE
PC07235121Z0006-2;;;CHAMP DE BRETEAU;72240;TENNIE
PC07235821Z000501-0;1;RUE;ROLAND MORENO;26300;ALIXAN
PC07235821Z000501-2;19;RUE;DE SAINT MICHEL;72160;THORIGNE SUR DUE
PC07235821Z0007-0;;LIEU-;LE BOULAY;72390;DOLLON
PC07235821Z0007-2;4;;RUE DES AJONCS;72160;THORIGNE SUR DUE
PC07235821Z0008-0;29;CHEMI;Du Gué d'Arancé;72450;MONTFORT-LE-GESNOIS
PC07235821Z0008-2;2;;RUE DES PIVOINES;72160;THORIGNE SUR DUE
PC07235821Z0009-0;;;La Maison Dieu;72160;Connerré
PC07235821Z0009-2;10;;RUE DES JONQUILLES;72160;THORIGNE SUR DUE
PC07235821Z0010-0;34 BI;RUE;Ledru Rolin;72160;Connerré
PC07235821Z0010-2;15;;RUE DES JONQUILLES;72160;THORIGNE SUR DUE
PC07235821Z0011-0;;;LA MAISON NEUVE;72160;THORIGNE SUR DUE
PC07235821Z0011-2;;;LA MAISON NEUVE;72160;THORIGNE SUR DUE
PC07235821Z0012-0;19;RUE;DE LA FABRIQUE;72370;LE BREIL SUR MERIZE
PC07235821Z0012-2;12;RUE;DES JONQUILLES;72160;THORIGNE SUR DUE
PC07235921Z0009-0;;;24 RUE GISELE LEDRU MADELA;72110;TORCE EN VALLEE
PC07236121Z0006-0;2;LIEU-;La Croix Saint-Jean (Chang;72440;Tresson
PC07236121Z0006-2;;;LA CROIX SAINT JEAN;72240;TRESSON
PC07238018Z000301-0;31 bi;RUE;Doucelles;72170;VIVOIN
PC07238018Z000301-2;;;LE DOMAINE DU PUITS;;VIVOIN
PC07238021Z0005-0;1;PLACE;CATOIS RONCIN;72170;MEURCE
PC07238021Z0005-2;2;;RUE DE BEAUMONT;72170;VIVOIN
PC07238021Z0006-0;;LIEU-;LA CAVE;72170;VIVOIN
PC07238021Z0006-2;;;LA CAVE;72170;VIVOIN
PC07238021Z0008-0;;LIEU-;LE BOISNIERE;72170;VIVOIN
PC07238021Z0008-2;;LIEU-;LA BOISNIERE;72170;VIVOIN
PC07238021Z0009-0;;;L ORBEAU;72170;VIVOIN
PC07238021Z0009-2;;;LE PRE DE L ORBEAU;72170;VIVOIN
PC07238221Z0003-0;7;PLACE;DE LA MAIRIE;72250;CHALLES
PC07238221Z0003-2;4;;RUELLE DE LA BARRE;72440;VOLNAY
PD07202321Z0002-0;;;LA VILLE FOURNIER;72290;BALLON- SAINT MARS
PD07202321Z0002-2;;;LA VILLE FOURNIER;72290;BALLON - SAINT MARS
PD07202421Z2039-0;17;;RUE DU FRENE;72650;LA BAZOGE
PD07202421Z2039-2;17;;RUE DU FRENE;72650;LA BAZOGE
PD07204221Z0001-2;5773;;ROUTE DE LA BUTTE;72440;BOULOIRE
PD07204321Z0001-0;44-46;;rue des Plantagenêt;72610;BOURG LE ROI
PD07204321Z0001-2;40;;RUE DES PLANTAGENETS;72610;BOURG LE ROI
PD07208921Z0001-0;31;RUE;DE NEUVILLALAIS;72240;CONLIE
PD07208921Z0001-1;31;RUE;DE NEUVILLALAIS;72240;CONLIE
PD07208921Z0001-2;31;;RUE DE NEUVILLALAIS;72240;CONLIE
PD07212421Z0004-0;;PLACE;DU GENERAL DE GAULLE;72220;ECOMMOY
PD07212421Z0004-2;;;ALLÉE DE FONTENAILLES;72220;ECOMMOY
PD07214721Z0003-0;10;RUE;de l'Epine;72380;LA GUIERCHE
PD07214721Z0003-2;10;RUE;de l'Epine;72380;LA GUIERCHE
PD07220021Z0001-0;17;RUE;Jean FOUASSIER;72230;MONCE EN BELIN
PD07220021Z0001-2;17;;RUE JEAN FOUASSIER;72230;MONCE EN BELIN
PD07226821Z0001-0;;;Le Petit Loret;72222;Saint Biez en Belin
PD07226821Z0001-2;;;CHEMIN DU LORET;72220;SAINT BIEZ EN BELIN
PD07227521Z0001-0;32;;GRANDE RUE - PLACE DE L'EG;72460;SAINT-CORNEILLE
PD07227521Z0001-2;;;LE GRAND SABLON;72460;SAINT-CORNEILLE
PD07230621Z0001-0;1;PLACE;DES COMTES DE BELIN;72220;SAINT OUEN EN BELIN
PD07230621Z0001-1;1;PLACE;DES COMTES DE BELIN;72220;SAINT OUEN EN BELIN
PD07230621Z0001-2;1;;PLACE DES COMTES DE BELIN;72220;SAINT OUEN EN BELIN
PD07233721Z0002-0;;;LA GIRAUDIERE;72130;SAINT OUEN DE MIMBRE
PD07233721Z0002-2;6;;RUE DE LA GRAND MARE;72130;SOUGE LE GANELON
PD07235121Z0001-0;;;MAIRIE, 16 rue ANDREE LE G;72240;TENNIE
PD07235121Z0001-2;21;;RUE ANDREE LE GROU;72240;TENNIE
PD07236121D0001-0;1;LIEU-;Baillé;72440;
PD07236121D0001-2;;LIEU-;BAILLE;72240;TRESSON
PD07238021Z0003-0;;LIEU-;LA CAVE;72170;VIVOIN
PD07238021Z0003-2;;;LA CAVE;72170;VIVOIN
